[{"fields": {"app_label": "admin", "name": "log entry", "model": "logentry"}, "model": "contenttypes.contenttype", "pk": 1}, {"fields": {"app_label": "auth", "name": "permission", "model": "permission"}, "model": "contenttypes.contenttype", "pk": 2}, {"fields": {"app_label": "auth", "name": "group", "model": "group"}, "model": "contenttypes.contenttype", "pk": 3}, {"fields": {"app_label": "auth", "name": "user", "model": "user"}, "model": "contenttypes.contenttype", "pk": 4}, {"fields": {"app_label": "contenttypes", "name": "content type", "model": "contenttype"}, "model": "contenttypes.contenttype", "pk": 5}, {"fields": {"app_label": "sessions", "name": "session", "model": "session"}, "model": "contenttypes.contenttype", "pk": 6}, {"fields": {"app_label": "app", "name": "lock ip", "model": "lockip"}, "model": "contenttypes.contenttype", "pk": 7}, {"fields": {"app_label": "app", "name": "team", "model": "team"}, "model": "contenttypes.contenttype", "pk": 8}, {"fields": {"app_label": "app", "name": "user team", "model": "userteam"}, "model": "contenttypes.contenttype", "pk": 9}, {"fields": {"app_label": "app", "name": "board", "model": "board"}, "model": "contenttypes.contenttype", "pk": 10}, {"fields": {"app_label": "app", "name": "project", "model": "project"}, "model": "contenttypes.contenttype", "pk": 11}, {"fields": {"app_label": "app", "name": "column", "model": "column"}, "model": "contenttypes.contenttype", "pk": 12}, {"fields": {"app_label": "app", "name": "role team", "model": "roleteam"}, "model": "contenttypes.contenttype", "pk": 13}, {"fields": {"app_label": "app", "name": "card", "model": "card"}, "model": "contenttypes.contenttype", "pk": 14}, {"fields": {"app_label": "app", "name": "move", "model": "move"}, "model": "contenttypes.contenttype", "pk": 15}, {"fields": {"app_label": "app", "name": "task", "model": "task"}, "model": "contenttypes.contenttype", "pk": 16}, {"fields": {"app_label": "app", "name": "permission", "model": "permission"}, "model": "contenttypes.contenttype", "pk": 17}, {"fields": {"app_label": "axes", "name": "access attempt", "model": "accessattempt"}, "model": "contenttypes.contenttype", "pk": 18}, {"fields": {"app_label": "axes", "name": "access log", "model": "accesslog"}, "model": "contenttypes.contenttype", "pk": 19}, {"fields": {"app_label": "app", "name": "user team activity", "model": "userteamactivity"}, "model": "contenttypes.contenttype", "pk": 20}, {"fields": {"session_data": "MjYxNjJjM2NjNmQ2MzFmM2RhYTFhNmY4NjlhZjFiYzZkZjkwNDU2Njp7Il9hdXRoX3VzZXJfaGFzaCI6ImFkYjgzNzUyNmNhYzczYzg2ZTM0NmExNzhiNDlkMzM4OThhMGM5NWUiLCJfYXV0aF91c2VyX2JhY2tlbmQiOiJkamFuZ28uY29udHJpYi5hdXRoLmJhY2tlbmRzLk1vZGVsQmFja2VuZCIsIl9hdXRoX3VzZXJfaWQiOjUsIl9tZXNzYWdlcyI6IltbXCJfX2pzb25fbWVzc2FnZVwiLDAsMjUsXCJUaGUgbW92ZSBcXFwiTW92ZSBvYmplY3RcXFwiIHdhcyBjaGFuZ2VkIHN1Y2Nlc3NmdWxseS5cIl0sW1wiX19qc29uX21lc3NhZ2VcIiwwLDI1LFwiVGhlIG1vdmUgXFxcIk1vdmUgb2JqZWN0XFxcIiB3YXMgY2hhbmdlZCBzdWNjZXNzZnVsbHkuXCJdLFtcIl9fanNvbl9tZXNzYWdlXCIsMCwyNSxcIlRoZSBtb3ZlIFxcXCJNb3ZlIG9iamVjdFxcXCIgd2FzIGNoYW5nZWQgc3VjY2Vzc2Z1bGx5LlwiXSxbXCJfX2pzb25fbWVzc2FnZVwiLDAsMjUsXCJUaGUgbW92ZSBcXFwiTW92ZSBvYmplY3RcXFwiIHdhcyBjaGFuZ2VkIHN1Y2Nlc3NmdWxseS5cIl0sW1wiX19qc29uX21lc3NhZ2VcIiwwLDI1LFwiVGhlIG1vdmUgXFxcIk1vdmUgb2JqZWN0XFxcIiB3YXMgY2hhbmdlZCBzdWNjZXNzZnVsbHkuXCJdLFtcIl9fanNvbl9tZXNzYWdlXCIsMCwyNSxcIlRoZSBtb3ZlIFxcXCJNb3ZlIG9iamVjdFxcXCIgd2FzIGNoYW5nZWQgc3VjY2Vzc2Z1bGx5LlwiXSxbXCJfX2pzb25fbWVzc2FnZVwiLDAsMjUsXCJUaGUgbW92ZSBcXFwiTW92ZSBvYmplY3RcXFwiIHdhcyBjaGFuZ2VkIHN1Y2Nlc3NmdWxseS5cIl0sW1wiX19qc29uX21lc3NhZ2VcIiwwLDI1LFwiVGhlIG1vdmUgXFxcIk1vdmUgb2JqZWN0XFxcIiB3YXMgY2hhbmdlZCBzdWNjZXNzZnVsbHkuXCJdLFtcIl9fanNvbl9tZXNzYWdlXCIsMCwyNSxcIlRoZSBtb3ZlIFxcXCJNb3ZlIG9iamVjdFxcXCIgd2FzIGNoYW5nZWQgc3VjY2Vzc2Z1bGx5LlwiXSxbXCJfX2pzb25fbWVzc2FnZVwiLDAsMjUsXCJUaGUgbW92ZSBcXFwiTW92ZSBvYmplY3RcXFwiIHdhcyBjaGFuZ2VkIHN1Y2Nlc3NmdWxseS5cIl0sW1wiX19qc29uX21lc3NhZ2VcIiwwLDI1LFwiVGhlIG1vdmUgXFxcIk1vdmUgb2JqZWN0XFxcIiB3YXMgY2hhbmdlZCBzdWNjZXNzZnVsbHkuXCJdLFtcIl9fanNvbl9tZXNzYWdlXCIsMCwyNSxcIlRoZSBtb3ZlIFxcXCJNb3ZlIG9iamVjdFxcXCIgd2FzIGNoYW5nZWQgc3VjY2Vzc2Z1bGx5LlwiXSxbXCJfX2pzb25fbWVzc2FnZVwiLDAsMjUsXCJUaGUgbW92ZSBcXFwiTW92ZSBvYmplY3RcXFwiIHdhcyBjaGFuZ2VkIHN1Y2Nlc3NmdWxseS5cIl0sW1wiX19qc29uX21lc3NhZ2VcIiwwLDI1LFwiVGhlIG1vdmUgXFxcIk1vdmUgb2JqZWN0XFxcIiB3YXMgY2hhbmdlZCBzdWNjZXNzZnVsbHkuXCJdLFtcIl9fanNvbl9tZXNzYWdlXCIsMCwyNSxcIlRoZSBtb3ZlIFxcXCJNb3ZlIG9iamVjdFxcXCIgd2FzIGNoYW5nZWQgc3VjY2Vzc2Z1bGx5LlwiXSxbXCJfX2pzb25fbWVzc2FnZVwiLDAsMjUsXCJUaGUgbW92ZSBcXFwiTW92ZSBvYmplY3RcXFwiIHdhcyBjaGFuZ2VkIHN1Y2Nlc3NmdWxseS5cIl0sW1wiX19qc29uX21lc3NhZ2VcIiwwLDI1LFwiVGhlIG1vdmUgXFxcIk1vdmUgb2JqZWN0XFxcIiB3YXMgY2hhbmdlZCBzdWNjZXNzZnVsbHkuXCJdLFtcIl9fanNvbl9tZXNzYWdlXCIsMCwyNSxcIlRoZSBtb3ZlIFxcXCJNb3ZlIG9iamVjdFxcXCIgd2FzIGNoYW5nZWQgc3VjY2Vzc2Z1bGx5LlwiXSxbXCJfX2pzb25fbWVzc2FnZVwiLDAsMjUsXCJUaGUgbW92ZSBcXFwiTW92ZSBvYmplY3RcXFwiIHdhcyBjaGFuZ2VkIHN1Y2Nlc3NmdWxseS5cIl0sW1wiX19qc29uX21lc3NhZ2VcIiwwLDI1LFwiVGhlIG1vdmUgXFxcIk1vdmUgb2JqZWN0XFxcIiB3YXMgY2hhbmdlZCBzdWNjZXNzZnVsbHkuXCJdLFtcIl9fanNvbl9tZXNzYWdlXCIsMCwyNSxcIlRoZSBtb3ZlIFxcXCJNb3ZlIG9iamVjdFxcXCIgd2FzIGNoYW5nZWQgc3VjY2Vzc2Z1bGx5LlwiXSxbXCJfX2pzb25fbWVzc2FnZVwiLDAsMjUsXCJUaGUgbW92ZSBcXFwiTW92ZSBvYmplY3RcXFwiIHdhcyBjaGFuZ2VkIHN1Y2Nlc3NmdWxseS5cIl0sW1wiX19qc29uX21lc3NhZ2VcIiwwLDI1LFwiVGhlIG1vdmUgXFxcIk1vdmUgb2JqZWN0XFxcIiB3YXMgY2hhbmdlZCBzdWNjZXNzZnVsbHkuXCJdLFtcIl9fanNvbl9tZXNzYWdlXCIsMCwyNSxcIlRoZSBtb3ZlIFxcXCJNb3ZlIG9iamVjdFxcXCIgd2FzIGNoYW5nZWQgc3VjY2Vzc2Z1bGx5LlwiXSxbXCJfX2pzb25fbWVzc2FnZVwiLDAsMjUsXCJUaGUgbW92ZSBcXFwiTW92ZSBvYmplY3RcXFwiIHdhcyBjaGFuZ2VkIHN1Y2Nlc3NmdWxseS5cIl0sW1wiX19qc29uX21lc3NhZ2VcIiwwLDI1LFwiVGhlIG1vdmUgXFxcIk1vdmUgb2JqZWN0XFxcIiB3YXMgY2hhbmdlZCBzdWNjZXNzZnVsbHkuXCJdLFtcIl9fanNvbl9tZXNzYWdlXCIsMCwyNSxcIlRoZSBtb3ZlIFxcXCJNb3ZlIG9iamVjdFxcXCIgd2FzIGNoYW5nZWQgc3VjY2Vzc2Z1bGx5LlwiXSxbXCJfX2pzb25fbWVzc2FnZVwiLDAsMjUsXCJUaGUgbW92ZSBcXFwiTW92ZSBvYmplY3RcXFwiIHdhcyBjaGFuZ2VkIHN1Y2Nlc3NmdWxseS5cIl0sW1wiX19qc29uX21lc3NhZ2VcIiwwLDI1LFwiVGhlIG1vdmUgXFxcIk1vdmUgb2JqZWN0XFxcIiB3YXMgY2hhbmdlZCBzdWNjZXNzZnVsbHkuXCJdLFtcIl9fanNvbl9tZXNzYWdlXCIsMCwyNSxcIlRoZSBtb3ZlIFxcXCJNb3ZlIG9iamVjdFxcXCIgd2FzIGNoYW5nZWQgc3VjY2Vzc2Z1bGx5LlwiXSxbXCJfX2pzb25fbWVzc2FnZVwiLDAsMjUsXCJUaGUgbW92ZSBcXFwiTW92ZSBvYmplY3RcXFwiIHdhcyBjaGFuZ2VkIHN1Y2Nlc3NmdWxseS5cIl0sW1wiX19qc29uX21lc3NhZ2VcIiwwLDI1LFwiVGhlIG1vdmUgXFxcIk1vdmUgb2JqZWN0XFxcIiB3YXMgY2hhbmdlZCBzdWNjZXNzZnVsbHkuXCJdLFtcIl9fanNvbl9tZXNzYWdlXCIsMCwyNSxcIlRoZSBtb3ZlIFxcXCJNb3ZlIG9iamVjdFxcXCIgd2FzIGNoYW5nZWQgc3VjY2Vzc2Z1bGx5LlwiXSxbXCJfX2pzb25fbWVzc2FnZVwiLDAsMjUsXCJUaGUgbW92ZSBcXFwiTW92ZSBvYmplY3RcXFwiIHdhcyBjaGFuZ2VkIHN1Y2Nlc3NmdWxseS5cIl0sW1wiX19qc29uX21lc3NhZ2VcIiwwLDI1LFwiVGhlIG1vdmUgXFxcIk1vdmUgb2JqZWN0XFxcIiB3YXMgY2hhbmdlZCBzdWNjZXNzZnVsbHkuXCJdLFtcIl9fanNvbl9tZXNzYWdlXCIsMCwyNSxcIlRoZSBtb3ZlIFxcXCJNb3ZlIG9iamVjdFxcXCIgd2FzIGNoYW5nZWQgc3VjY2Vzc2Z1bGx5LlwiXSxbXCJfX2pzb25fbWVzc2FnZVwiLDAsMjUsXCJUaGUgbW92ZSBcXFwiTW92ZSBvYmplY3RcXFwiIHdhcyBjaGFuZ2VkIHN1Y2Nlc3NmdWxseS5cIl0sW1wiX19qc29uX21lc3NhZ2VcIiwwLDI1LFwiVGhlIG1vdmUgXFxcIk1vdmUgb2JqZWN0XFxcIiB3YXMgY2hhbmdlZCBzdWNjZXNzZnVsbHkuXCJdLFtcIl9fanNvbl9tZXNzYWdlXCIsMCwyNSxcIlRoZSBtb3ZlIFxcXCJNb3ZlIG9iamVjdFxcXCIgd2FzIGNoYW5nZWQgc3VjY2Vzc2Z1bGx5LlwiXSxbXCJfX2pzb25fbWVzc2FnZVwiLDAsMjUsXCJUaGUgbW92ZSBcXFwiTW92ZSBvYmplY3RcXFwiIHdhcyBjaGFuZ2VkIHN1Y2Nlc3NmdWxseS5cIl0sW1wiX19qc29uX21lc3NhZ2VcIiwwLDI1LFwiVGhlIG1vdmUgXFxcIk1vdmUgb2JqZWN0XFxcIiB3YXMgY2hhbmdlZCBzdWNjZXNzZnVsbHkuXCJdLFtcIl9fanNvbl9tZXNzYWdlXCIsMCwyNSxcIlRoZSBtb3ZlIFxcXCJNb3ZlIG9iamVjdFxcXCIgd2FzIGNoYW5nZWQgc3VjY2Vzc2Z1bGx5LlwiXSxbXCJfX2pzb25fbWVzc2FnZVwiLDAsMjUsXCJUaGUgbW92ZSBcXFwiTW92ZSBvYmplY3RcXFwiIHdhcyBjaGFuZ2VkIHN1Y2Nlc3NmdWxseS5cIl0sW1wiX19qc29uX21lc3NhZ2VcIiwwLDI1LFwiVGhlIG1vdmUgXFxcIk1vdmUgb2JqZWN0XFxcIiB3YXMgY2hhbmdlZCBzdWNjZXNzZnVsbHkuXCJdLFtcIl9fanNvbl9tZXNzYWdlXCIsMCwyNSxcIlRoZSBtb3ZlIFxcXCJNb3ZlIG9iamVjdFxcXCIgd2FzIGNoYW5nZWQgc3VjY2Vzc2Z1bGx5LlwiXSxbXCJfX2pzb25fbWVzc2FnZVwiLDAsMjUsXCJUaGUgbW92ZSBcXFwiTW92ZSBvYmplY3RcXFwiIHdhcyBjaGFuZ2VkIHN1Y2Nlc3NmdWxseS5cIl0sW1wiX19qc29uX21lc3NhZ2VcIiwwLDI1LFwiVGhlIG1vdmUgXFxcIk1vdmUgb2JqZWN0XFxcIiB3YXMgY2hhbmdlZCBzdWNjZXNzZnVsbHkuXCJdLFtcIl9fanNvbl9tZXNzYWdlXCIsMCwyNSxcIlRoZSBtb3ZlIFxcXCJNb3ZlIG9iamVjdFxcXCIgd2FzIGNoYW5nZWQgc3VjY2Vzc2Z1bGx5LlwiXSxbXCJfX2pzb25fbWVzc2FnZVwiLDAsMjUsXCJUaGUgbW92ZSBcXFwiTW92ZSBvYmplY3RcXFwiIHdhcyBjaGFuZ2VkIHN1Y2Nlc3NmdWxseS5cIl0sW1wiX19qc29uX21lc3NhZ2VcIiwwLDI1LFwiVGhlIG1vdmUgXFxcIk1vdmUgb2JqZWN0XFxcIiB3YXMgY2hhbmdlZCBzdWNjZXNzZnVsbHkuXCJdLFtcIl9fanNvbl9tZXNzYWdlXCIsMCwyNSxcIlRoZSBtb3ZlIFxcXCJNb3ZlIG9iamVjdFxcXCIgd2FzIGNoYW5nZWQgc3VjY2Vzc2Z1bGx5LlwiXSxbXCJfX2pzb25fbWVzc2FnZVwiLDAsMjUsXCJUaGUgbW92ZSBcXFwiTW92ZSBvYmplY3RcXFwiIHdhcyBjaGFuZ2VkIHN1Y2Nlc3NmdWxseS5cIl0sW1wiX19qc29uX21lc3NhZ2VcIiwwLDI1LFwiVGhlIG1vdmUgXFxcIk1vdmUgb2JqZWN0XFxcIiB3YXMgY2hhbmdlZCBzdWNjZXNzZnVsbHkuXCJdLFtcIl9fanNvbl9tZXNzYWdlXCIsMCwyNSxcIlRoZSBtb3ZlIFxcXCJNb3ZlIG9iamVjdFxcXCIgd2FzIGNoYW5nZWQgc3VjY2Vzc2Z1bGx5LlwiXSxbXCJfX2pzb25fbWVzc2FnZVwiLDAsMjUsXCJUaGUgbW92ZSBcXFwiTW92ZSBvYmplY3RcXFwiIHdhcyBjaGFuZ2VkIHN1Y2Nlc3NmdWxseS5cIl0sW1wiX19qc29uX21lc3NhZ2VcIiwwLDI1LFwiVGhlIG1vdmUgXFxcIk1vdmUgb2JqZWN0XFxcIiB3YXMgY2hhbmdlZCBzdWNjZXNzZnVsbHkuXCJdLFtcIl9fanNvbl9tZXNzYWdlXCIsMCwyNSxcIlRoZSBtb3ZlIFxcXCJNb3ZlIG9iamVjdFxcXCIgd2FzIGNoYW5nZWQgc3VjY2Vzc2Z1bGx5LlwiXSxbXCJfX2pzb25fbWVzc2FnZVwiLDAsMjUsXCJUaGUgbW92ZSBcXFwiTW92ZSBvYmplY3RcXFwiIHdhcyBjaGFuZ2VkIHN1Y2Nlc3NmdWxseS5cIl0sW1wiX19qc29uX21lc3NhZ2VcIiwwLDI1LFwiVGhlIG1vdmUgXFxcIk1vdmUgb2JqZWN0XFxcIiB3YXMgY2hhbmdlZCBzdWNjZXNzZnVsbHkuXCJdLFtcIl9fanNvbl9tZXNzYWdlXCIsMCwyNSxcIlRoZSBtb3ZlIFxcXCJNb3ZlIG9iamVjdFxcXCIgd2FzIGNoYW5nZWQgc3VjY2Vzc2Z1bGx5LlwiXSxbXCJfX2pzb25fbWVzc2FnZVwiLDAsMjUsXCJUaGUgbW92ZSBcXFwiTW92ZSBvYmplY3RcXFwiIHdhcyBjaGFuZ2VkIHN1Y2Nlc3NmdWxseS5cIl0sW1wiX19qc29uX21lc3NhZ2VcIiwwLDI1LFwiVGhlIG1vdmUgXFxcIk1vdmUgb2JqZWN0XFxcIiB3YXMgY2hhbmdlZCBzdWNjZXNzZnVsbHkuXCJdLFtcIl9fanNvbl9tZXNzYWdlXCIsMCwyNSxcIlRoZSBtb3ZlIFxcXCJNb3ZlIG9iamVjdFxcXCIgd2FzIGNoYW5nZWQgc3VjY2Vzc2Z1bGx5LlwiXSxbXCJfX2pzb25fbWVzc2FnZVwiLDAsMjUsXCJUaGUgbW92ZSBcXFwiTW92ZSBvYmplY3RcXFwiIHdhcyBjaGFuZ2VkIHN1Y2Nlc3NmdWxseS5cIl0sW1wiX19qc29uX21lc3NhZ2VcIiwwLDI1LFwiVGhlIG1vdmUgXFxcIk1vdmUgb2JqZWN0XFxcIiB3YXMgY2hhbmdlZCBzdWNjZXNzZnVsbHkuXCJdLFtcIl9fanNvbl9tZXNzYWdlXCIsMCwyNSxcIlRoZSBtb3ZlIFxcXCJNb3ZlIG9iamVjdFxcXCIgd2FzIGNoYW5nZWQgc3VjY2Vzc2Z1bGx5LlwiXSxbXCJfX2pzb25fbWVzc2FnZVwiLDAsMjUsXCJUaGUgbW92ZSBcXFwiTW92ZSBvYmplY3RcXFwiIHdhcyBjaGFuZ2VkIHN1Y2Nlc3NmdWxseS5cIl0sW1wiX19qc29uX21lc3NhZ2VcIiwwLDI1LFwiVGhlIG1vdmUgXFxcIk1vdmUgb2JqZWN0XFxcIiB3YXMgY2hhbmdlZCBzdWNjZXNzZnVsbHkuXCJdLFtcIl9fanNvbl9tZXNzYWdlXCIsMCwyNSxcIlRoZSBtb3ZlIFxcXCJNb3ZlIG9iamVjdFxcXCIgd2FzIGNoYW5nZWQgc3VjY2Vzc2Z1bGx5LlwiXSxbXCJfX2pzb25fbWVzc2FnZVwiLDAsMjUsXCJUaGUgbW92ZSBcXFwiTW92ZSBvYmplY3RcXFwiIHdhcyBjaGFuZ2VkIHN1Y2Nlc3NmdWxseS5cIl0sW1wiX19qc29uX21lc3NhZ2VcIiwwLDI1LFwiVGhlIG1vdmUgXFxcIk1vdmUgb2JqZWN0XFxcIiB3YXMgY2hhbmdlZCBzdWNjZXNzZnVsbHkuXCJdLFtcIl9fanNvbl9tZXNzYWdlXCIsMCwyNSxcIlRoZSBtb3ZlIFxcXCJNb3ZlIG9iamVjdFxcXCIgd2FzIGNoYW5nZWQgc3VjY2Vzc2Z1bGx5LlwiXSxbXCJfX2pzb25fbWVzc2FnZVwiLDAsMjUsXCJUaGUgbW92ZSBcXFwiTW92ZSBvYmplY3RcXFwiIHdhcyBjaGFuZ2VkIHN1Y2Nlc3NmdWxseS5cIl0sW1wiX19qc29uX21lc3NhZ2VcIiwwLDI1LFwiVGhlIG1vdmUgXFxcIk1vdmUgb2JqZWN0XFxcIiB3YXMgY2hhbmdlZCBzdWNjZXNzZnVsbHkuXCJdLFtcIl9fanNvbl9tZXNzYWdlXCIsMCwyNSxcIlRoZSBtb3ZlIFxcXCJNb3ZlIG9iamVjdFxcXCIgd2FzIGNoYW5nZWQgc3VjY2Vzc2Z1bGx5LlwiXSxbXCJfX2pzb25fbWVzc2FnZVwiLDAsMjUsXCJUaGUgbW92ZSBcXFwiTW92ZSBvYmplY3RcXFwiIHdhcyBjaGFuZ2VkIHN1Y2Nlc3NmdWxseS5cIl0sW1wiX19qc29uX21lc3NhZ2VcIiwwLDI1LFwiVGhlIG1vdmUgXFxcIk1vdmUgb2JqZWN0XFxcIiB3YXMgY2hhbmdlZCBzdWNjZXNzZnVsbHkuXCJdLFtcIl9fanNvbl9tZXNzYWdlXCIsMCwyNSxcIlRoZSBtb3ZlIFxcXCJNb3ZlIG9iamVjdFxcXCIgd2FzIGNoYW5nZWQgc3VjY2Vzc2Z1bGx5LlwiXSxbXCJfX2pzb25fbWVzc2FnZVwiLDAsMjUsXCJUaGUgbW92ZSBcXFwiTW92ZSBvYmplY3RcXFwiIHdhcyBjaGFuZ2VkIHN1Y2Nlc3NmdWxseS5cIl0sW1wiX19qc29uX21lc3NhZ2VcIiwwLDI1LFwiVGhlIG1vdmUgXFxcIk1vdmUgb2JqZWN0XFxcIiB3YXMgY2hhbmdlZCBzdWNjZXNzZnVsbHkuXCJdLFtcIl9fanNvbl9tZXNzYWdlXCIsMCwyNSxcIlRoZSBtb3ZlIFxcXCJNb3ZlIG9iamVjdFxcXCIgd2FzIGNoYW5nZWQgc3VjY2Vzc2Z1bGx5LlwiXSxbXCJfX2pzb25fbWVzc2FnZVwiLDAsMjUsXCJUaGUgbW92ZSBcXFwiTW92ZSBvYmplY3RcXFwiIHdhcyBjaGFuZ2VkIHN1Y2Nlc3NmdWxseS5cIl0sW1wiX19qc29uX21lc3NhZ2VcIiwwLDI1LFwiVGhlIG1vdmUgXFxcIk1vdmUgb2JqZWN0XFxcIiB3YXMgY2hhbmdlZCBzdWNjZXNzZnVsbHkuXCJdLFtcIl9fanNvbl9tZXNzYWdlXCIsMCwyNSxcIlRoZSBtb3ZlIFxcXCJNb3ZlIG9iamVjdFxcXCIgd2FzIGNoYW5nZWQgc3VjY2Vzc2Z1bGx5LlwiXSxbXCJfX2pzb25fbWVzc2FnZVwiLDAsMjUsXCJUaGUgbW92ZSBcXFwiTW92ZSBvYmplY3RcXFwiIHdhcyBjaGFuZ2VkIHN1Y2Nlc3NmdWxseS5cIl0sW1wiX19qc29uX21lc3NhZ2VcIiwwLDI1LFwiVGhlIG1vdmUgXFxcIk1vdmUgb2JqZWN0XFxcIiB3YXMgY2hhbmdlZCBzdWNjZXNzZnVsbHkuXCJdLFtcIl9fanNvbl9tZXNzYWdlXCIsMCwyNSxcIlRoZSBtb3ZlIFxcXCJNb3ZlIG9iamVjdFxcXCIgd2FzIGNoYW5nZWQgc3VjY2Vzc2Z1bGx5LlwiXSxbXCJfX2pzb25fbWVzc2FnZVwiLDAsMjUsXCJUaGUgbW92ZSBcXFwiTW92ZSBvYmplY3RcXFwiIHdhcyBjaGFuZ2VkIHN1Y2Nlc3NmdWxseS5cIl0sW1wiX19qc29uX21lc3NhZ2VcIiwwLDI1LFwiVGhlIG1vdmUgXFxcIk1vdmUgb2JqZWN0XFxcIiB3YXMgY2hhbmdlZCBzdWNjZXNzZnVsbHkuXCJdLFtcIl9fanNvbl9tZXNzYWdlXCIsMCwyNSxcIlRoZSBtb3ZlIFxcXCJNb3ZlIG9iamVjdFxcXCIgd2FzIGNoYW5nZWQgc3VjY2Vzc2Z1bGx5LlwiXSxbXCJfX2pzb25fbWVzc2FnZVwiLDAsMjUsXCJUaGUgbW92ZSBcXFwiTW92ZSBvYmplY3RcXFwiIHdhcyBjaGFuZ2VkIHN1Y2Nlc3NmdWxseS5cIl0sW1wiX19qc29uX21lc3NhZ2VcIiwwLDI1LFwiVGhlIG1vdmUgXFxcIk1vdmUgb2JqZWN0XFxcIiB3YXMgY2hhbmdlZCBzdWNjZXNzZnVsbHkuXCJdLFtcIl9fanNvbl9tZXNzYWdlXCIsMCwyNSxcIlRoZSBtb3ZlIFxcXCJNb3ZlIG9iamVjdFxcXCIgd2FzIGNoYW5nZWQgc3VjY2Vzc2Z1bGx5LlwiXSxbXCJfX2pzb25fbWVzc2FnZVwiLDAsMjUsXCJUaGUgbW92ZSBcXFwiTW92ZSBvYmplY3RcXFwiIHdhcyBjaGFuZ2VkIHN1Y2Nlc3NmdWxseS5cIl0sW1wiX19qc29uX21lc3NhZ2VcIiwwLDI1LFwiVGhlIG1vdmUgXFxcIk1vdmUgb2JqZWN0XFxcIiB3YXMgY2hhbmdlZCBzdWNjZXNzZnVsbHkuXCJdLFtcIl9fanNvbl9tZXNzYWdlXCIsMCwyNSxcIlRoZSBtb3ZlIFxcXCJNb3ZlIG9iamVjdFxcXCIgd2FzIGNoYW5nZWQgc3VjY2Vzc2Z1bGx5LlwiXSxbXCJfX2pzb25fbWVzc2FnZVwiLDAsMjUsXCJUaGUgbW92ZSBcXFwiTW92ZSBvYmplY3RcXFwiIHdhcyBjaGFuZ2VkIHN1Y2Nlc3NmdWxseS5cIl0sW1wiX19qc29uX21lc3NhZ2VcIiwwLDI1LFwiVGhlIG1vdmUgXFxcIk1vdmUgb2JqZWN0XFxcIiB3YXMgY2hhbmdlZCBzdWNjZXNzZnVsbHkuXCJdLFtcIl9fanNvbl9tZXNzYWdlXCIsMCwyNSxcIlRoZSBtb3ZlIFxcXCJNb3ZlIG9iamVjdFxcXCIgd2FzIGNoYW5nZWQgc3VjY2Vzc2Z1bGx5LlwiXSxbXCJfX2pzb25fbWVzc2FnZVwiLDAsMjUsXCJUaGUgbW92ZSBcXFwiTW92ZSBvYmplY3RcXFwiIHdhcyBjaGFuZ2VkIHN1Y2Nlc3NmdWxseS5cIl0sW1wiX19qc29uX21lc3NhZ2VcIiwwLDI1LFwiVGhlIG1vdmUgXFxcIk1vdmUgb2JqZWN0XFxcIiB3YXMgY2hhbmdlZCBzdWNjZXNzZnVsbHkuXCJdLFtcIl9fanNvbl9tZXNzYWdlXCIsMCwyNSxcIlRoZSBtb3ZlIFxcXCJNb3ZlIG9iamVjdFxcXCIgd2FzIGNoYW5nZWQgc3VjY2Vzc2Z1bGx5LlwiXSxbXCJfX2pzb25fbWVzc2FnZVwiLDAsMjUsXCJUaGUgbW92ZSBcXFwiTW92ZSBvYmplY3RcXFwiIHdhcyBjaGFuZ2VkIHN1Y2Nlc3NmdWxseS5cIl0sW1wiX19qc29uX21lc3NhZ2VcIiwwLDI1LFwiVGhlIG1vdmUgXFxcIk1vdmUgb2JqZWN0XFxcIiB3YXMgY2hhbmdlZCBzdWNjZXNzZnVsbHkuXCJdLFtcIl9fanNvbl9tZXNzYWdlXCIsMCwyNSxcIlRoZSBtb3ZlIFxcXCJNb3ZlIG9iamVjdFxcXCIgd2FzIGNoYW5nZWQgc3VjY2Vzc2Z1bGx5LlwiXSxbXCJfX2pzb25fbWVzc2FnZVwiLDAsMjUsXCJUaGUgbW92ZSBcXFwiTW92ZSBvYmplY3RcXFwiIHdhcyBjaGFuZ2VkIHN1Y2Nlc3NmdWxseS5cIl0sW1wiX19qc29uX21lc3NhZ2VcIiwwLDI1LFwiVGhlIG1vdmUgXFxcIk1vdmUgb2JqZWN0XFxcIiB3YXMgY2hhbmdlZCBzdWNjZXNzZnVsbHkuXCJdLFtcIl9fanNvbl9tZXNzYWdlXCIsMCwyNSxcIlRoZSBtb3ZlIFxcXCJNb3ZlIG9iamVjdFxcXCIgd2FzIGNoYW5nZWQgc3VjY2Vzc2Z1bGx5LlwiXSxbXCJfX2pzb25fbWVzc2FnZVwiLDAsMjUsXCJUaGUgbW92ZSBcXFwiTW92ZSBvYmplY3RcXFwiIHdhcyBjaGFuZ2VkIHN1Y2Nlc3NmdWxseS5cIl0sW1wiX19qc29uX21lc3NhZ2VcIiwwLDI1LFwiVGhlIG1vdmUgXFxcIk1vdmUgb2JqZWN0XFxcIiB3YXMgY2hhbmdlZCBzdWNjZXNzZnVsbHkuXCJdLFtcIl9fanNvbl9tZXNzYWdlXCIsMCwyNSxcIlRoZSBtb3ZlIFxcXCJNb3ZlIG9iamVjdFxcXCIgd2FzIGNoYW5nZWQgc3VjY2Vzc2Z1bGx5LlwiXSxbXCJfX2pzb25fbWVzc2FnZVwiLDAsMjUsXCJUaGUgbW92ZSBcXFwiTW92ZSBvYmplY3RcXFwiIHdhcyBjaGFuZ2VkIHN1Y2Nlc3NmdWxseS5cIl0sW1wiX19qc29uX21lc3NhZ2VcIiwwLDI1LFwiVGhlIG1vdmUgXFxcIk1vdmUgb2JqZWN0XFxcIiB3YXMgY2hhbmdlZCBzdWNjZXNzZnVsbHkuXCJdLFtcIl9fanNvbl9tZXNzYWdlXCIsMCwyNSxcIlRoZSBtb3ZlIFxcXCJNb3ZlIG9iamVjdFxcXCIgd2FzIGNoYW5nZWQgc3VjY2Vzc2Z1bGx5LlwiXSxbXCJfX2pzb25fbWVzc2FnZVwiLDAsMjUsXCJUaGUgbW92ZSBcXFwiTW92ZSBvYmplY3RcXFwiIHdhcyBjaGFuZ2VkIHN1Y2Nlc3NmdWxseS5cIl0sW1wiX19qc29uX21lc3NhZ2VcIiwwLDI1LFwiVGhlIG1vdmUgXFxcIk1vdmUgb2JqZWN0XFxcIiB3YXMgY2hhbmdlZCBzdWNjZXNzZnVsbHkuXCJdLFtcIl9fanNvbl9tZXNzYWdlXCIsMCwyNSxcIlRoZSBtb3ZlIFxcXCJNb3ZlIG9iamVjdFxcXCIgd2FzIGNoYW5nZWQgc3VjY2Vzc2Z1bGx5LlwiXSxbXCJfX2pzb25fbWVzc2FnZVwiLDAsMjUsXCJUaGUgbW92ZSBcXFwiTW92ZSBvYmplY3RcXFwiIHdhcyBjaGFuZ2VkIHN1Y2Nlc3NmdWxseS5cIl0sW1wiX19qc29uX21lc3NhZ2VcIiwwLDI1LFwiVGhlIG1vdmUgXFxcIk1vdmUgb2JqZWN0XFxcIiB3YXMgY2hhbmdlZCBzdWNjZXNzZnVsbHkuXCJdLFtcIl9fanNvbl9tZXNzYWdlXCIsMCwyNSxcIlRoZSBtb3ZlIFxcXCJNb3ZlIG9iamVjdFxcXCIgd2FzIGNoYW5nZWQgc3VjY2Vzc2Z1bGx5LlwiXSxbXCJfX2pzb25fbWVzc2FnZVwiLDAsMjUsXCJUaGUgbW92ZSBcXFwiTW92ZSBvYmplY3RcXFwiIHdhcyBjaGFuZ2VkIHN1Y2Nlc3NmdWxseS5cIl0sW1wiX19qc29uX21lc3NhZ2VcIiwwLDI1LFwiVGhlIG1vdmUgXFxcIk1vdmUgb2JqZWN0XFxcIiB3YXMgY2hhbmdlZCBzdWNjZXNzZnVsbHkuXCJdLFtcIl9fanNvbl9tZXNzYWdlXCIsMCwyNSxcIlRoZSBtb3ZlIFxcXCJNb3ZlIG9iamVjdFxcXCIgd2FzIGNoYW5nZWQgc3VjY2Vzc2Z1bGx5LlwiXSxbXCJfX2pzb25fbWVzc2FnZVwiLDAsMjUsXCJUaGUgbW92ZSBcXFwiTW92ZSBvYmplY3RcXFwiIHdhcyBjaGFuZ2VkIHN1Y2Nlc3NmdWxseS5cIl0sW1wiX19qc29uX21lc3NhZ2VcIiwwLDI1LFwiVGhlIG1vdmUgXFxcIk1vdmUgb2JqZWN0XFxcIiB3YXMgY2hhbmdlZCBzdWNjZXNzZnVsbHkuXCJdLFtcIl9fanNvbl9tZXNzYWdlXCIsMCwyNSxcIlRoZSBtb3ZlIFxcXCJNb3ZlIG9iamVjdFxcXCIgd2FzIGNoYW5nZWQgc3VjY2Vzc2Z1bGx5LlwiXSxbXCJfX2pzb25fbWVzc2FnZVwiLDAsMjUsXCJUaGUgbW92ZSBcXFwiTW92ZSBvYmplY3RcXFwiIHdhcyBjaGFuZ2VkIHN1Y2Nlc3NmdWxseS5cIl0sW1wiX19qc29uX21lc3NhZ2VcIiwwLDI1LFwiVGhlIG1vdmUgXFxcIk1vdmUgb2JqZWN0XFxcIiB3YXMgY2hhbmdlZCBzdWNjZXNzZnVsbHkuXCJdLFtcIl9fanNvbl9tZXNzYWdlXCIsMCwyNSxcIlRoZSBtb3ZlIFxcXCJNb3ZlIG9iamVjdFxcXCIgd2FzIGNoYW5nZWQgc3VjY2Vzc2Z1bGx5LlwiXSxbXCJfX2pzb25fbWVzc2FnZVwiLDAsMjUsXCJUaGUgbW92ZSBcXFwiTW92ZSBvYmplY3RcXFwiIHdhcyBjaGFuZ2VkIHN1Y2Nlc3NmdWxseS5cIl0sW1wiX19qc29uX21lc3NhZ2VcIiwwLDI1LFwiVGhlIG1vdmUgXFxcIk1vdmUgb2JqZWN0XFxcIiB3YXMgY2hhbmdlZCBzdWNjZXNzZnVsbHkuXCJdLFtcIl9fanNvbl9tZXNzYWdlXCIsMCwyNSxcIlRoZSBtb3ZlIFxcXCJNb3ZlIG9iamVjdFxcXCIgd2FzIGNoYW5nZWQgc3VjY2Vzc2Z1bGx5LlwiXSxbXCJfX2pzb25fbWVzc2FnZVwiLDAsMjUsXCJUaGUgbW92ZSBcXFwiTW92ZSBvYmplY3RcXFwiIHdhcyBjaGFuZ2VkIHN1Y2Nlc3NmdWxseS5cIl0sW1wiX19qc29uX21lc3NhZ2VcIiwwLDI1LFwiVGhlIG1vdmUgXFxcIk1vdmUgb2JqZWN0XFxcIiB3YXMgY2hhbmdlZCBzdWNjZXNzZnVsbHkuXCJdLFtcIl9fanNvbl9tZXNzYWdlXCIsMCwyNSxcIlRoZSBtb3ZlIFxcXCJNb3ZlIG9iamVjdFxcXCIgd2FzIGNoYW5nZWQgc3VjY2Vzc2Z1bGx5LlwiXSxbXCJfX2pzb25fbWVzc2FnZVwiLDAsMjUsXCJUaGUgbW92ZSBcXFwiTW92ZSBvYmplY3RcXFwiIHdhcyBjaGFuZ2VkIHN1Y2Nlc3NmdWxseS5cIl0sW1wiX19qc29uX21lc3NhZ2VcIiwwLDI1LFwiVGhlIG1vdmUgXFxcIk1vdmUgb2JqZWN0XFxcIiB3YXMgY2hhbmdlZCBzdWNjZXNzZnVsbHkuXCJdLFtcIl9fanNvbl9tZXNzYWdlXCIsMCwyNSxcIlRoZSBtb3ZlIFxcXCJNb3ZlIG9iamVjdFxcXCIgd2FzIGNoYW5nZWQgc3VjY2Vzc2Z1bGx5LlwiXSxbXCJfX2pzb25fbWVzc2FnZVwiLDAsMjUsXCJUaGUgbW92ZSBcXFwiTW92ZSBvYmplY3RcXFwiIHdhcyBjaGFuZ2VkIHN1Y2Nlc3NmdWxseS5cIl0sW1wiX19qc29uX21lc3NhZ2VcIiwwLDI1LFwiVGhlIG1vdmUgXFxcIk1vdmUgb2JqZWN0XFxcIiB3YXMgY2hhbmdlZCBzdWNjZXNzZnVsbHkuXCJdLFtcIl9fanNvbl9tZXNzYWdlXCIsMCwyNSxcIlRoZSBtb3ZlIFxcXCJNb3ZlIG9iamVjdFxcXCIgd2FzIGNoYW5nZWQgc3VjY2Vzc2Z1bGx5LlwiXSxbXCJfX2pzb25fbWVzc2FnZVwiLDAsMjUsXCJUaGUgbW92ZSBcXFwiTW92ZSBvYmplY3RcXFwiIHdhcyBjaGFuZ2VkIHN1Y2Nlc3NmdWxseS5cIl0sW1wiX19qc29uX21lc3NhZ2VcIiwwLDI1LFwiVGhlIG1vdmUgXFxcIk1vdmUgb2JqZWN0XFxcIiB3YXMgY2hhbmdlZCBzdWNjZXNzZnVsbHkuXCJdLFtcIl9fanNvbl9tZXNzYWdlXCIsMCwyNSxcIlRoZSBtb3ZlIFxcXCJNb3ZlIG9iamVjdFxcXCIgd2FzIGNoYW5nZWQgc3VjY2Vzc2Z1bGx5LlwiXSxbXCJfX2pzb25fbWVzc2FnZVwiLDAsMjUsXCJUaGUgbW92ZSBcXFwiTW92ZSBvYmplY3RcXFwiIHdhcyBjaGFuZ2VkIHN1Y2Nlc3NmdWxseS5cIl0sW1wiX19qc29uX21lc3NhZ2VcIiwwLDI1LFwiVGhlIG1vdmUgXFxcIk1vdmUgb2JqZWN0XFxcIiB3YXMgY2hhbmdlZCBzdWNjZXNzZnVsbHkuXCJdLFtcIl9fanNvbl9tZXNzYWdlXCIsMCwyNSxcIlRoZSBtb3ZlIFxcXCJNb3ZlIG9iamVjdFxcXCIgd2FzIGNoYW5nZWQgc3VjY2Vzc2Z1bGx5LlwiXSxbXCJfX2pzb25fbWVzc2FnZVwiLDAsMjUsXCJUaGUgbW92ZSBcXFwiTW92ZSBvYmplY3RcXFwiIHdhcyBjaGFuZ2VkIHN1Y2Nlc3NmdWxseS5cIl0sW1wiX19qc29uX21lc3NhZ2VcIiwwLDI1LFwiVGhlIG1vdmUgXFxcIk1vdmUgb2JqZWN0XFxcIiB3YXMgY2hhbmdlZCBzdWNjZXNzZnVsbHkuXCJdLFtcIl9fanNvbl9tZXNzYWdlXCIsMCwyNSxcIlRoZSBtb3ZlIFxcXCJNb3ZlIG9iamVjdFxcXCIgd2FzIGNoYW5nZWQgc3VjY2Vzc2Z1bGx5LlwiXSxbXCJfX2pzb25fbWVzc2FnZVwiLDAsMjUsXCJUaGUgbW92ZSBcXFwiTW92ZSBvYmplY3RcXFwiIHdhcyBjaGFuZ2VkIHN1Y2Nlc3NmdWxseS5cIl0sW1wiX19qc29uX21lc3NhZ2VcIiwwLDI1LFwiVGhlIG1vdmUgXFxcIk1vdmUgb2JqZWN0XFxcIiB3YXMgY2hhbmdlZCBzdWNjZXNzZnVsbHkuXCJdLFtcIl9fanNvbl9tZXNzYWdlXCIsMCwyNSxcIlRoZSBtb3ZlIFxcXCJNb3ZlIG9iamVjdFxcXCIgd2FzIGNoYW5nZWQgc3VjY2Vzc2Z1bGx5LlwiXSxbXCJfX2pzb25fbWVzc2FnZVwiLDAsMjUsXCJUaGUgbW92ZSBcXFwiTW92ZSBvYmplY3RcXFwiIHdhcyBjaGFuZ2VkIHN1Y2Nlc3NmdWxseS5cIl0sW1wiX19qc29uX21lc3NhZ2VcIiwwLDI1LFwiVGhlIG1vdmUgXFxcIk1vdmUgb2JqZWN0XFxcIiB3YXMgY2hhbmdlZCBzdWNjZXNzZnVsbHkuXCJdLFtcIl9fanNvbl9tZXNzYWdlXCIsMCwyNSxcIlRoZSBtb3ZlIFxcXCJNb3ZlIG9iamVjdFxcXCIgd2FzIGNoYW5nZWQgc3VjY2Vzc2Z1bGx5LlwiXSxbXCJfX2pzb25fbWVzc2FnZVwiLDAsMjUsXCJUaGUgbW92ZSBcXFwiTW92ZSBvYmplY3RcXFwiIHdhcyBjaGFuZ2VkIHN1Y2Nlc3NmdWxseS5cIl0sW1wiX19qc29uX21lc3NhZ2VcIiwwLDI1LFwiVGhlIG1vdmUgXFxcIk1vdmUgb2JqZWN0XFxcIiB3YXMgY2hhbmdlZCBzdWNjZXNzZnVsbHkuXCJdLFtcIl9fanNvbl9tZXNzYWdlXCIsMCwyNSxcIlRoZSBtb3ZlIFxcXCJNb3ZlIG9iamVjdFxcXCIgd2FzIGNoYW5nZWQgc3VjY2Vzc2Z1bGx5LlwiXSxbXCJfX2pzb25fbWVzc2FnZVwiLDAsMjUsXCJUaGUgbW92ZSBcXFwiTW92ZSBvYmplY3RcXFwiIHdhcyBjaGFuZ2VkIHN1Y2Nlc3NmdWxseS5cIl0sW1wiX19qc29uX21lc3NhZ2VcIiwwLDI1LFwiVGhlIG1vdmUgXFxcIk1vdmUgb2JqZWN0XFxcIiB3YXMgY2hhbmdlZCBzdWNjZXNzZnVsbHkuXCJdLFtcIl9fanNvbl9tZXNzYWdlXCIsMCwyNSxcIlRoZSBtb3ZlIFxcXCJNb3ZlIG9iamVjdFxcXCIgd2FzIGNoYW5nZWQgc3VjY2Vzc2Z1bGx5LlwiXSxbXCJfX2pzb25fbWVzc2FnZVwiLDAsMjUsXCJUaGUgbW92ZSBcXFwiTW92ZSBvYmplY3RcXFwiIHdhcyBjaGFuZ2VkIHN1Y2Nlc3NmdWxseS5cIl0sW1wiX19qc29uX21lc3NhZ2VcIiwwLDI1LFwiVGhlIG1vdmUgXFxcIk1vdmUgb2JqZWN0XFxcIiB3YXMgY2hhbmdlZCBzdWNjZXNzZnVsbHkuXCJdLFtcIl9fanNvbl9tZXNzYWdlXCIsMCwyNSxcIlRoZSBtb3ZlIFxcXCJNb3ZlIG9iamVjdFxcXCIgd2FzIGNoYW5nZWQgc3VjY2Vzc2Z1bGx5LlwiXSxbXCJfX2pzb25fbWVzc2FnZVwiLDAsMjUsXCJUaGUgbW92ZSBcXFwiTW92ZSBvYmplY3RcXFwiIHdhcyBjaGFuZ2VkIHN1Y2Nlc3NmdWxseS5cIl0sW1wiX19qc29uX21lc3NhZ2VcIiwwLDI1LFwiVGhlIG1vdmUgXFxcIk1vdmUgb2JqZWN0XFxcIiB3YXMgY2hhbmdlZCBzdWNjZXNzZnVsbHkuXCJdLFtcIl9fanNvbl9tZXNzYWdlXCIsMCwyNSxcIlRoZSBtb3ZlIFxcXCJNb3ZlIG9iamVjdFxcXCIgd2FzIGNoYW5nZWQgc3VjY2Vzc2Z1bGx5LlwiXSxbXCJfX2pzb25fbWVzc2FnZVwiLDAsMjUsXCJUaGUgbW92ZSBcXFwiTW92ZSBvYmplY3RcXFwiIHdhcyBjaGFuZ2VkIHN1Y2Nlc3NmdWxseS5cIl0sW1wiX19qc29uX21lc3NhZ2VcIiwwLDI1LFwiVGhlIG1vdmUgXFxcIk1vdmUgb2JqZWN0XFxcIiB3YXMgY2hhbmdlZCBzdWNjZXNzZnVsbHkuXCJdLFtcIl9fanNvbl9tZXNzYWdlXCIsMCwyNSxcIlRoZSBtb3ZlIFxcXCJNb3ZlIG9iamVjdFxcXCIgd2FzIGNoYW5nZWQgc3VjY2Vzc2Z1bGx5LlwiXSxbXCJfX2pzb25fbWVzc2FnZVwiLDAsMjUsXCJUaGUgbW92ZSBcXFwiTW92ZSBvYmplY3RcXFwiIHdhcyBjaGFuZ2VkIHN1Y2Nlc3NmdWxseS5cIl0sW1wiX19qc29uX21lc3NhZ2VcIiwwLDI1LFwiVGhlIG1vdmUgXFxcIk1vdmUgb2JqZWN0XFxcIiB3YXMgY2hhbmdlZCBzdWNjZXNzZnVsbHkuXCJdLFtcIl9fanNvbl9tZXNzYWdlXCIsMCwyNSxcIlRoZSBtb3ZlIFxcXCJNb3ZlIG9iamVjdFxcXCIgd2FzIGNoYW5nZWQgc3VjY2Vzc2Z1bGx5LlwiXSxbXCJfX2pzb25fbWVzc2FnZVwiLDAsMjUsXCJUaGUgbW92ZSBcXFwiTW92ZSBvYmplY3RcXFwiIHdhcyBjaGFuZ2VkIHN1Y2Nlc3NmdWxseS5cIl0sW1wiX19qc29uX21lc3NhZ2VcIiwwLDI1LFwiVGhlIG1vdmUgXFxcIk1vdmUgb2JqZWN0XFxcIiB3YXMgY2hhbmdlZCBzdWNjZXNzZnVsbHkuXCJdLFtcIl9fanNvbl9tZXNzYWdlXCIsMCwyNSxcIlRoZSBtb3ZlIFxcXCJNb3ZlIG9iamVjdFxcXCIgd2FzIGNoYW5nZWQgc3VjY2Vzc2Z1bGx5LlwiXSxbXCJfX2pzb25fbWVzc2FnZVwiLDAsMjUsXCJUaGUgbW92ZSBcXFwiTW92ZSBvYmplY3RcXFwiIHdhcyBjaGFuZ2VkIHN1Y2Nlc3NmdWxseS5cIl0sW1wiX19qc29uX21lc3NhZ2VcIiwwLDI1LFwiVGhlIG1vdmUgXFxcIk1vdmUgb2JqZWN0XFxcIiB3YXMgY2hhbmdlZCBzdWNjZXNzZnVsbHkuXCJdLFtcIl9fanNvbl9tZXNzYWdlXCIsMCwyNSxcIlRoZSBtb3ZlIFxcXCJNb3ZlIG9iamVjdFxcXCIgd2FzIGNoYW5nZWQgc3VjY2Vzc2Z1bGx5LlwiXSxbXCJfX2pzb25fbWVzc2FnZVwiLDAsMjUsXCJUaGUgbW92ZSBcXFwiTW92ZSBvYmplY3RcXFwiIHdhcyBjaGFuZ2VkIHN1Y2Nlc3NmdWxseS5cIl0sW1wiX19qc29uX21lc3NhZ2VcIiwwLDI1LFwiVGhlIG1vdmUgXFxcIk1vdmUgb2JqZWN0XFxcIiB3YXMgY2hhbmdlZCBzdWNjZXNzZnVsbHkuXCJdLFtcIl9fanNvbl9tZXNzYWdlXCIsMCwyNSxcIlRoZSBtb3ZlIFxcXCJNb3ZlIG9iamVjdFxcXCIgd2FzIGNoYW5nZWQgc3VjY2Vzc2Z1bGx5LlwiXSxbXCJfX2pzb25fbWVzc2FnZVwiLDAsMjUsXCJUaGUgbW92ZSBcXFwiTW92ZSBvYmplY3RcXFwiIHdhcyBjaGFuZ2VkIHN1Y2Nlc3NmdWxseS5cIl0sW1wiX19qc29uX21lc3NhZ2VcIiwwLDI1LFwiVGhlIG1vdmUgXFxcIk1vdmUgb2JqZWN0XFxcIiB3YXMgY2hhbmdlZCBzdWNjZXNzZnVsbHkuXCJdLFtcIl9fanNvbl9tZXNzYWdlXCIsMCwyNSxcIlRoZSBtb3ZlIFxcXCJNb3ZlIG9iamVjdFxcXCIgd2FzIGNoYW5nZWQgc3VjY2Vzc2Z1bGx5LlwiXSxbXCJfX2pzb25fbWVzc2FnZVwiLDAsMjUsXCJUaGUgbW92ZSBcXFwiTW92ZSBvYmplY3RcXFwiIHdhcyBjaGFuZ2VkIHN1Y2Nlc3NmdWxseS5cIl0sW1wiX19qc29uX21lc3NhZ2VcIiwwLDI1LFwiVGhlIG1vdmUgXFxcIk1vdmUgb2JqZWN0XFxcIiB3YXMgZGVsZXRlZCBzdWNjZXNzZnVsbHkuXCJdLFtcIl9fanNvbl9tZXNzYWdlXCIsMCwyNSxcIlRoZSBtb3ZlIFxcXCJNb3ZlIG9iamVjdFxcXCIgd2FzIGRlbGV0ZWQgc3VjY2Vzc2Z1bGx5LlwiXSxbXCJfX2pzb25fbWVzc2FnZVwiLDAsMjUsXCJUaGUgbW92ZSBcXFwiTW92ZSBvYmplY3RcXFwiIHdhcyBkZWxldGVkIHN1Y2Nlc3NmdWxseS5cIl0sW1wiX19qc29uX21lc3NhZ2VcIiwwLDI1LFwiU3VjY2Vzc2Z1bGx5IGRlbGV0ZWQgMSBtb3ZlLlwiXSxbXCJfX2pzb25fbWVzc2FnZVwiLDAsMjUsXCJUaGUgbW92ZSBcXFwiTW92ZSBvYmplY3RcXFwiIHdhcyBkZWxldGVkIHN1Y2Nlc3NmdWxseS5cIl0sW1wiX19qc29uX21lc3NhZ2VcIiwwLDI1LFwiVGhlIGNhcmQgXFxcIkNhcmQgb2JqZWN0XFxcIiB3YXMgZGVsZXRlZCBzdWNjZXNzZnVsbHkuXCJdLFtcIl9fanNvbl9tZXNzYWdlXCIsMCwyNSxcIlRoZSBjYXJkIFxcXCJDYXJkIG9iamVjdFxcXCIgd2FzIGNoYW5nZWQgc3VjY2Vzc2Z1bGx5LlwiXSxbXCJfX2pzb25fbWVzc2FnZVwiLDAsMjUsXCJUaGUgY2FyZCBcXFwiQ2FyZCBvYmplY3RcXFwiIHdhcyBjaGFuZ2VkIHN1Y2Nlc3NmdWxseS5cIl0sW1wiX19qc29uX21lc3NhZ2VcIiwwLDI1LFwiVGhlIGNhcmQgXFxcIkNhcmQgb2JqZWN0XFxcIiB3YXMgY2hhbmdlZCBzdWNjZXNzZnVsbHkuXCJdLFtcIl9fanNvbl9tZXNzYWdlXCIsMCwyNSxcIlRoZSBjYXJkIFxcXCJDYXJkIG9iamVjdFxcXCIgd2FzIGNoYW5nZWQgc3VjY2Vzc2Z1bGx5LlwiXSxbXCJfX2pzb25fbWVzc2FnZVwiLDAsMjUsXCJUaGUgY2FyZCBcXFwiQ2FyZCBvYmplY3RcXFwiIHdhcyBjaGFuZ2VkIHN1Y2Nlc3NmdWxseS5cIl0sW1wiX19qc29uX21lc3NhZ2VcIiwwLDI1LFwiVGhlIGNhcmQgXFxcIkNhcmQgb2JqZWN0XFxcIiB3YXMgY2hhbmdlZCBzdWNjZXNzZnVsbHkuXCJdLFtcIl9fanNvbl9tZXNzYWdlXCIsMCwyNSxcIlRoZSBjYXJkIFxcXCJDYXJkIG9iamVjdFxcXCIgd2FzIGNoYW5nZWQgc3VjY2Vzc2Z1bGx5LlwiXSxbXCJfX2pzb25fbWVzc2FnZVwiLDAsMjUsXCJUaGUgY2FyZCBcXFwiQ2FyZCBvYmplY3RcXFwiIHdhcyBjaGFuZ2VkIHN1Y2Nlc3NmdWxseS5cIl0sW1wiX19qc29uX21lc3NhZ2VcIiwwLDI1LFwiVGhlIGNhcmQgXFxcIkNhcmQgb2JqZWN0XFxcIiB3YXMgY2hhbmdlZCBzdWNjZXNzZnVsbHkuXCJdLFtcIl9fanNvbl9tZXNzYWdlXCIsMCwyNSxcIlRoZSBjYXJkIFxcXCJDYXJkIG9iamVjdFxcXCIgd2FzIGNoYW5nZWQgc3VjY2Vzc2Z1bGx5LlwiXSxbXCJfX2pzb25fbWVzc2FnZVwiLDAsMjUsXCJUaGUgY2FyZCBcXFwiQ2FyZCBvYmplY3RcXFwiIHdhcyBjaGFuZ2VkIHN1Y2Nlc3NmdWxseS5cIl0sW1wiX19qc29uX21lc3NhZ2VcIiwwLDI1LFwiVGhlIGNhcmQgXFxcIkNhcmQgb2JqZWN0XFxcIiB3YXMgY2hhbmdlZCBzdWNjZXNzZnVsbHkuXCJdLFtcIl9fanNvbl9tZXNzYWdlXCIsMCwyNSxcIlRoZSBjYXJkIFxcXCJDYXJkIG9iamVjdFxcXCIgd2FzIGNoYW5nZWQgc3VjY2Vzc2Z1bGx5LlwiXSxbXCJfX2pzb25fbWVzc2FnZVwiLDAsMjUsXCJUaGUgY2FyZCBcXFwiQ2FyZCBvYmplY3RcXFwiIHdhcyBjaGFuZ2VkIHN1Y2Nlc3NmdWxseS5cIl0sW1wiX19qc29uX21lc3NhZ2VcIiwwLDI1LFwiVGhlIGNhcmQgXFxcIkNhcmQgb2JqZWN0XFxcIiB3YXMgY2hhbmdlZCBzdWNjZXNzZnVsbHkuXCJdLFtcIl9fanNvbl9tZXNzYWdlXCIsMCwyNSxcIlRoZSBjYXJkIFxcXCJDYXJkIG9iamVjdFxcXCIgd2FzIGNoYW5nZWQgc3VjY2Vzc2Z1bGx5LlwiXSxbXCJfX2pzb25fbWVzc2FnZVwiLDAsMjUsXCJUaGUgY2FyZCBcXFwiQ2FyZCBvYmplY3RcXFwiIHdhcyBjaGFuZ2VkIHN1Y2Nlc3NmdWxseS5cIl0sW1wiX19qc29uX21lc3NhZ2VcIiwwLDI1LFwiVGhlIGNhcmQgXFxcIkNhcmQgb2JqZWN0XFxcIiB3YXMgY2hhbmdlZCBzdWNjZXNzZnVsbHkuXCJdLFtcIl9fanNvbl9tZXNzYWdlXCIsMCwyNSxcIlRoZSBjYXJkIFxcXCJDYXJkIG9iamVjdFxcXCIgd2FzIGNoYW5nZWQgc3VjY2Vzc2Z1bGx5LlwiXSxbXCJfX2pzb25fbWVzc2FnZVwiLDAsMjUsXCJUaGUgY2FyZCBcXFwiQ2FyZCBvYmplY3RcXFwiIHdhcyBjaGFuZ2VkIHN1Y2Nlc3NmdWxseS5cIl0sW1wiX19qc29uX21lc3NhZ2VcIiwwLDI1LFwiVGhlIGNhcmQgXFxcIkNhcmQgb2JqZWN0XFxcIiB3YXMgY2hhbmdlZCBzdWNjZXNzZnVsbHkuXCJdLFtcIl9fanNvbl9tZXNzYWdlXCIsMCwyNSxcIlRoZSBjYXJkIFxcXCJDYXJkIG9iamVjdFxcXCIgd2FzIGNoYW5nZWQgc3VjY2Vzc2Z1bGx5LlwiXSxbXCJfX2pzb25fbWVzc2FnZVwiLDAsMjUsXCJUaGUgY2FyZCBcXFwiQ2FyZCBvYmplY3RcXFwiIHdhcyBjaGFuZ2VkIHN1Y2Nlc3NmdWxseS5cIl1dIn0=", "expire_date": "2015-06-24T12:37:26Z"}, "model": "sessions.session", "pk": "962hm6zc3bd76rhsfpqduw6kcwo66x1p"}, {"fields": {"session_data": "N2VkOWZkMjEwOTMzMzY5NjE4OTMzNDBmZTAwYzVjM2Q1ZGU4MmYzYjp7Il9hdXRoX3VzZXJfaGFzaCI6ImFkYjgzNzUyNmNhYzczYzg2ZTM0NmExNzhiNDlkMzM4OThhMGM5NWUiLCJfYXV0aF91c2VyX2lkIjo1LCJfYXV0aF91c2VyX2JhY2tlbmQiOiJkamFuZ28uY29udHJpYi5hdXRoLmJhY2tlbmRzLk1vZGVsQmFja2VuZCJ9", "expire_date": "2015-06-09T16:12:32Z"}, "model": "sessions.session", "pk": "ggvdkpy9eh8vuaivkej6ydaz64m938kj"}, {"fields": {"session_data": "N2VkOWZkMjEwOTMzMzY5NjE4OTMzNDBmZTAwYzVjM2Q1ZGU4MmYzYjp7Il9hdXRoX3VzZXJfaGFzaCI6ImFkYjgzNzUyNmNhYzczYzg2ZTM0NmExNzhiNDlkMzM4OThhMGM5NWUiLCJfYXV0aF91c2VyX2lkIjo1LCJfYXV0aF91c2VyX2JhY2tlbmQiOiJkamFuZ28uY29udHJpYi5hdXRoLmJhY2tlbmRzLk1vZGVsQmFja2VuZCJ9", "expire_date": "2015-06-23T23:33:22Z"}, "model": "sessions.session", "pk": "unyi5wws46rn4vqk55wijihnyg36umw2"}, {"fields": {"session_data": "N2VkOWZkMjEwOTMzMzY5NjE4OTMzNDBmZTAwYzVjM2Q1ZGU4MmYzYjp7Il9hdXRoX3VzZXJfaGFzaCI6ImFkYjgzNzUyNmNhYzczYzg2ZTM0NmExNzhiNDlkMzM4OThhMGM5NWUiLCJfYXV0aF91c2VyX2lkIjo1LCJfYXV0aF91c2VyX2JhY2tlbmQiOiJkamFuZ28uY29udHJpYi5hdXRoLmJhY2tlbmRzLk1vZGVsQmFja2VuZCJ9", "expire_date": "2015-06-23T23:31:29Z"}, "model": "sessions.session", "pk": "y7m8rc0abdir94m70k7towxh3eeaxmwl"}, {"fields": {"name": "Gasilci"}, "model": "app.team", "pk": 6}, {"fields": {"name": "\u017dar mojstri"}, "model": "app.team", "pk": 10}, {"fields": {"name": "\u017dar plata"}, "model": "app.board", "pk": 1}, {"fields": {"name": "Nova tabla"}, "model": "app.board", "pk": 2}, {"fields": {"name": "test"}, "model": "app.board", "pk": 3}, {"fields": {"name": "Mi gremo pa na morje"}, "model": "app.board", "pk": 4}, {"fields": {"name": "GasilskaTabla"}, "model": "app.board", "pk": 5}, {"fields": {"name": "Kanbanize template"}, "model": "app.board", "pk": 6}, {"fields": {"name": "Ga\u0161enje", "is_active": true, "client": "Ob\u010dina Ru\u0161e", "code": 123456, "start_date": "2015-05-31T22:00:00Z", "end_date": "2015-06-23T22:00:00Z", "board": 5, "team": 6}, "model": "app.project", "pk": 8}, {"fields": {"name": "Piknik", "is_active": true, "client": "Mesarija pod klancem", "code": 123, "start_date": "2015-06-01T22:00:00Z", "end_date": "2015-06-17T22:00:00Z", "board": 1, "team": 10}, "model": "app.project", "pk": 10}, {"fields": {"name": "Test project", "is_active": true, "client": "Test", "code": 123, "start_date": "2015-06-04T22:00:00Z", "end_date": "2015-06-26T22:00:00Z", "board": 2, "team": 10}, "model": "app.project", "pk": 11}, {"fields": {"name": "Pla\u017ea", "is_active": true, "client": "Gasilci", "code": 555, "start_date": "2015-05-31T22:00:00Z", "end_date": "2015-06-29T22:00:00Z", "board": 4, "team": 10}, "model": "app.project", "pk": 12}, {"fields": {"name": "Pla\u017ea2", "is_active": true, "client": "Gasilce", "code": 132, "start_date": "2015-05-31T22:00:00Z", "end_date": "2015-06-29T22:00:00Z", "board": 1, "team": 10}, "model": "app.project", "pk": 13}, {"fields": {"name": "Projekt 1", "is_active": true, "client": "Authority1", "code": 111, "start_date": "2015-06-08T22:00:00Z", "end_date": "2015-06-29T22:00:00Z", "board": 6, "team": 10}, "model": "app.project", "pk": 14}, {"fields": {"name": "Projekt 2", "is_active": true, "client": "Authority 2", "code": 112, "start_date": "2015-05-31T22:00:00Z", "end_date": "2015-06-29T22:00:00Z", "board": 6, "team": 10}, "model": "app.project", "pk": 15}, {"fields": {"location": 1000.0, "name": "Product backlog", "board": 1, "parent_column": null, "is_border": false, "is_high_priority": false, "wip": 20, "acceptance_test": false}, "model": "app.column", "pk": 1}, {"fields": {"location": 1100.0, "name": "Sprint backlog", "board": 1, "parent_column": null, "is_border": false, "is_high_priority": true, "wip": 20, "acceptance_test": false}, "model": "app.column", "pk": 2}, {"fields": {"location": 1200.0, "name": "Development", "board": 1, "parent_column": null, "is_border": false, "is_high_priority": false, "wip": 6, "acceptance_test": false}, "model": "app.column", "pk": 3}, {"fields": {"location": 1300.0, "name": "Acceptance Ready", "board": 1, "parent_column": null, "is_border": false, "is_high_priority": false, "wip": 20, "acceptance_test": true}, "model": "app.column", "pk": 4}, {"fields": {"location": 1000.0, "name": "Product backlog", "board": 2, "parent_column": null, "is_border": false, "is_high_priority": false, "wip": 20, "acceptance_test": false}, "model": "app.column", "pk": 7}, {"fields": {"location": 1100.0, "name": "Development", "board": 2, "parent_column": null, "is_border": false, "is_high_priority": false, "wip": 6, "acceptance_test": false}, "model": "app.column", "pk": 8}, {"fields": {"location": 1200.0, "name": "Acceptance ready", "board": 2, "parent_column": null, "is_border": false, "is_high_priority": false, "wip": 20, "acceptance_test": true}, "model": "app.column", "pk": 9}, {"fields": {"location": 1050.0, "name": "Sprint backlog", "board": 2, "parent_column": null, "is_border": false, "is_high_priority": true, "wip": 20, "acceptance_test": false}, "model": "app.column", "pk": 10}, {"fields": {"location": 1125.0, "name": "Analysis", "board": 2, "parent_column": 8, "is_border": true, "is_high_priority": false, "wip": 6, "acceptance_test": false}, "model": "app.column", "pk": 11}, {"fields": {"location": 1162.5, "name": "Integration", "board": 2, "parent_column": 8, "is_border": true, "is_high_priority": false, "wip": 6, "acceptance_test": false}, "model": "app.column", "pk": 12}, {"fields": {"location": 1143.75, "name": "Coding", "board": 2, "parent_column": 8, "is_border": false, "is_high_priority": false, "wip": 0, "acceptance_test": false}, "model": "app.column", "pk": 13}, {"fields": {"location": 1087.5, "name": "Test", "board": 2, "parent_column": 8, "is_border": false, "is_high_priority": true, "wip": 6, "acceptance_test": false}, "model": "app.column", "pk": 14}, {"fields": {"location": 1153.125, "name": "Testing", "board": 2, "parent_column": 8, "is_border": false, "is_high_priority": false, "wip": 6, "acceptance_test": false}, "model": "app.column", "pk": 15}, {"fields": {"location": 1300.0, "name": "Done", "board": 2, "parent_column": null, "is_border": false, "is_high_priority": false, "wip": 20, "acceptance_test": false}, "model": "app.column", "pk": 16}, {"fields": {"location": 1000.0, "name": "Product backlog", "board": 3, "parent_column": null, "is_border": false, "is_high_priority": false, "wip": 20, "acceptance_test": false}, "model": "app.column", "pk": 17}, {"fields": {"location": 1100.0, "name": "Development", "board": 3, "parent_column": null, "is_border": false, "is_high_priority": false, "wip": 6, "acceptance_test": false}, "model": "app.column", "pk": 18}, {"fields": {"location": 1200.0, "name": "Acceptance ready", "board": 3, "parent_column": null, "is_border": false, "is_high_priority": false, "wip": 20, "acceptance_test": true}, "model": "app.column", "pk": 19}, {"fields": {"location": 1050.0, "name": "Sprint backlog", "board": 3, "parent_column": null, "is_border": false, "is_high_priority": true, "wip": 20, "acceptance_test": false}, "model": "app.column", "pk": 20}, {"fields": {"location": 1162.5, "name": "Integration", "board": 3, "parent_column": 18, "is_border": true, "is_high_priority": false, "wip": 6, "acceptance_test": false}, "model": "app.column", "pk": 21}, {"fields": {"location": 1125.0, "name": "Analysis", "board": 3, "parent_column": 18, "is_border": true, "is_high_priority": false, "wip": 6, "acceptance_test": false}, "model": "app.column", "pk": 22}, {"fields": {"location": 1143.75, "name": "Coding", "board": 3, "parent_column": 18, "is_border": false, "is_high_priority": false, "wip": 0, "acceptance_test": false}, "model": "app.column", "pk": 23}, {"fields": {"location": 1087.5, "name": "Test", "board": 3, "parent_column": 18, "is_border": false, "is_high_priority": true, "wip": 6, "acceptance_test": false}, "model": "app.column", "pk": 24}, {"fields": {"location": 1153.125, "name": "Testing", "board": 3, "parent_column": 18, "is_border": false, "is_high_priority": false, "wip": 6, "acceptance_test": false}, "model": "app.column", "pk": 25}, {"fields": {"location": 1300.0, "name": "Done", "board": 3, "parent_column": null, "is_border": false, "is_high_priority": false, "wip": 20, "acceptance_test": false}, "model": "app.column", "pk": 26}, {"fields": {"location": 1000.0, "name": "Product backlog", "board": 4, "parent_column": null, "is_border": false, "is_high_priority": false, "wip": 20, "acceptance_test": false}, "model": "app.column", "pk": 28}, {"fields": {"location": 1100.0, "name": "Sprint backlog", "board": 4, "parent_column": null, "is_border": false, "is_high_priority": true, "wip": 20, "acceptance_test": false}, "model": "app.column", "pk": 29}, {"fields": {"location": 1200.0, "name": "Development", "board": 4, "parent_column": null, "is_border": false, "is_high_priority": false, "wip": 6, "acceptance_test": false}, "model": "app.column", "pk": 30}, {"fields": {"location": 1300.0, "name": "Acceptance Ready", "board": 4, "parent_column": null, "is_border": false, "is_high_priority": false, "wip": 20, "acceptance_test": true}, "model": "app.column", "pk": 31}, {"fields": {"location": 1250.0, "name": "Integration", "board": 4, "parent_column": 30, "is_border": true, "is_high_priority": false, "wip": 6, "acceptance_test": false}, "model": "app.column", "pk": 32}, {"fields": {"location": 1275.0, "name": "\u017dar", "board": 4, "parent_column": 30, "is_border": true, "is_high_priority": false, "wip": 5, "acceptance_test": false}, "model": "app.column", "pk": 33}, {"fields": {"location": 1262.5, "name": "Analysis and Design", "board": 1, "parent_column": 3, "is_border": true, "is_high_priority": false, "wip": 6, "acceptance_test": false}, "model": "app.column", "pk": 34}, {"fields": {"location": 1281.25, "name": "Coding", "board": 1, "parent_column": 3, "is_border": false, "is_high_priority": false, "wip": 6, "acceptance_test": false}, "model": "app.column", "pk": 35}, {"fields": {"location": 1290.625, "name": "Testing", "board": 1, "parent_column": 3, "is_border": false, "is_high_priority": false, "wip": 6, "acceptance_test": false}, "model": "app.column", "pk": 36}, {"fields": {"location": 1295.3125, "name": "Integration", "board": 1, "parent_column": 3, "is_border": true, "is_high_priority": false, "wip": 6, "acceptance_test": false}, "model": "app.column", "pk": 37}, {"fields": {"location": 1400.0, "name": "Done", "board": 1, "parent_column": null, "is_border": false, "is_high_priority": false, "wip": 20, "acceptance_test": false}, "model": "app.column", "pk": 38}, {"fields": {"location": 1000.0, "name": "Za\u010detni", "board": 5, "parent_column": null, "is_border": false, "is_high_priority": false, "wip": 3, "acceptance_test": false}, "model": "app.column", "pk": 39}, {"fields": {"location": 1100.0, "name": "Prioritetni", "board": 5, "parent_column": null, "is_border": false, "is_high_priority": true, "wip": 2, "acceptance_test": false}, "model": "app.column", "pk": 40}, {"fields": {"location": 1200.0, "name": "Razvojni1", "board": 5, "parent_column": null, "is_border": true, "is_high_priority": false, "wip": 3, "acceptance_test": false}, "model": "app.column", "pk": 41}, {"fields": {"location": 1300.0, "name": "Razvojni2", "board": 5, "parent_column": null, "is_border": false, "is_high_priority": false, "wip": 2, "acceptance_test": false}, "model": "app.column", "pk": 42}, {"fields": {"location": 1400.0, "name": "Razvojni3", "board": 5, "parent_column": null, "is_border": true, "is_high_priority": false, "wip": 2, "acceptance_test": false}, "model": "app.column", "pk": 43}, {"fields": {"location": 1500.0, "name": "Sprejemni", "board": 5, "parent_column": null, "is_border": false, "is_high_priority": false, "wip": 3, "acceptance_test": true}, "model": "app.column", "pk": 44}, {"fields": {"location": 1600.0, "name": "Kon\u010dni", "board": 5, "parent_column": null, "is_border": false, "is_high_priority": false, "wip": 10, "acceptance_test": false}, "model": "app.column", "pk": 46}, {"fields": {"location": 1000.0, "name": "Product Backlog", "board": 6, "parent_column": null, "is_border": false, "is_high_priority": false, "wip": 100, "acceptance_test": false}, "model": "app.column", "pk": 47}, {"fields": {"location": 1100.0, "name": "Sprint Backlog", "board": 6, "parent_column": null, "is_border": false, "is_high_priority": true, "wip": 20, "acceptance_test": false}, "model": "app.column", "pk": 48}, {"fields": {"location": 1200.0, "name": "Developement", "board": 6, "parent_column": null, "is_border": false, "is_high_priority": false, "wip": 6, "acceptance_test": false}, "model": "app.column", "pk": 49}, {"fields": {"location": 1300.0, "name": "Acceptance Ready", "board": 6, "parent_column": null, "is_border": false, "is_high_priority": false, "wip": 100, "acceptance_test": false}, "model": "app.column", "pk": 50}, {"fields": {"location": 1400.0, "name": "Acceptance", "board": 6, "parent_column": null, "is_border": false, "is_high_priority": false, "wip": 100, "acceptance_test": true}, "model": "app.column", "pk": 51}, {"fields": {"location": 1500.0, "name": "Done", "board": 6, "parent_column": null, "is_border": false, "is_high_priority": false, "wip": 100, "acceptance_test": false}, "model": "app.column", "pk": 52}, {"fields": {"location": 1200.0, "name": "Analysis & Design", "board": 6, "parent_column": 49, "is_border": true, "is_high_priority": false, "wip": 6, "acceptance_test": false}, "model": "app.column", "pk": 53}, {"fields": {"location": 1250.0, "name": "Coding", "board": 6, "parent_column": 49, "is_border": false, "is_high_priority": false, "wip": 6, "acceptance_test": false}, "model": "app.column", "pk": 54}, {"fields": {"location": 1275.0, "name": "Testing", "board": 6, "parent_column": 49, "is_border": false, "is_high_priority": false, "wip": 6, "acceptance_test": false}, "model": "app.column", "pk": 55}, {"fields": {"location": 1287.5, "name": "Integration", "board": 6, "parent_column": 49, "is_border": false, "is_high_priority": false, "wip": 6, "acceptance_test": false}, "model": "app.column", "pk": 56}, {"fields": {"location": 1293.75, "name": "Documentation", "board": 6, "parent_column": 49, "is_border": true, "is_high_priority": false, "wip": 6, "acceptance_test": false}, "model": "app.column", "pk": 57}, {"fields": {"codename": "add_logentry", "name": "Can add log entry", "content_type": 1}, "model": "auth.permission", "pk": 1}, {"fields": {"codename": "change_logentry", "name": "Can change log entry", "content_type": 1}, "model": "auth.permission", "pk": 2}, {"fields": {"codename": "delete_logentry", "name": "Can delete log entry", "content_type": 1}, "model": "auth.permission", "pk": 3}, {"fields": {"codename": "add_permission", "name": "Can add permission", "content_type": 2}, "model": "auth.permission", "pk": 4}, {"fields": {"codename": "change_permission", "name": "Can change permission", "content_type": 2}, "model": "auth.permission", "pk": 5}, {"fields": {"codename": "delete_permission", "name": "Can delete permission", "content_type": 2}, "model": "auth.permission", "pk": 6}, {"fields": {"codename": "add_group", "name": "Can add group", "content_type": 3}, "model": "auth.permission", "pk": 7}, {"fields": {"codename": "change_group", "name": "Can change group", "content_type": 3}, "model": "auth.permission", "pk": 8}, {"fields": {"codename": "delete_group", "name": "Can delete group", "content_type": 3}, "model": "auth.permission", "pk": 9}, {"fields": {"codename": "add_user", "name": "Can add user", "content_type": 4}, "model": "auth.permission", "pk": 10}, {"fields": {"codename": "change_user", "name": "Can change user", "content_type": 4}, "model": "auth.permission", "pk": 11}, {"fields": {"codename": "delete_user", "name": "Can delete user", "content_type": 4}, "model": "auth.permission", "pk": 12}, {"fields": {"codename": "add_contenttype", "name": "Can add content type", "content_type": 5}, "model": "auth.permission", "pk": 13}, {"fields": {"codename": "change_contenttype", "name": "Can change content type", "content_type": 5}, "model": "auth.permission", "pk": 14}, {"fields": {"codename": "delete_contenttype", "name": "Can delete content type", "content_type": 5}, "model": "auth.permission", "pk": 15}, {"fields": {"codename": "add_session", "name": "Can add session", "content_type": 6}, "model": "auth.permission", "pk": 16}, {"fields": {"codename": "change_session", "name": "Can change session", "content_type": 6}, "model": "auth.permission", "pk": 17}, {"fields": {"codename": "delete_session", "name": "Can delete session", "content_type": 6}, "model": "auth.permission", "pk": 18}, {"fields": {"codename": "add_lockip", "name": "Can add lock ip", "content_type": 7}, "model": "auth.permission", "pk": 19}, {"fields": {"codename": "change_lockip", "name": "Can change lock ip", "content_type": 7}, "model": "auth.permission", "pk": 20}, {"fields": {"codename": "delete_lockip", "name": "Can delete lock ip", "content_type": 7}, "model": "auth.permission", "pk": 21}, {"fields": {"codename": "add_team", "name": "Can add team", "content_type": 8}, "model": "auth.permission", "pk": 22}, {"fields": {"codename": "change_team", "name": "Can change team", "content_type": 8}, "model": "auth.permission", "pk": 23}, {"fields": {"codename": "delete_team", "name": "Can delete team", "content_type": 8}, "model": "auth.permission", "pk": 24}, {"fields": {"codename": "add_userteam", "name": "Can add user team", "content_type": 9}, "model": "auth.permission", "pk": 25}, {"fields": {"codename": "change_userteam", "name": "Can change user team", "content_type": 9}, "model": "auth.permission", "pk": 26}, {"fields": {"codename": "delete_userteam", "name": "Can delete user team", "content_type": 9}, "model": "auth.permission", "pk": 27}, {"fields": {"codename": "add_board", "name": "Can add board", "content_type": 10}, "model": "auth.permission", "pk": 28}, {"fields": {"codename": "change_board", "name": "Can change board", "content_type": 10}, "model": "auth.permission", "pk": 29}, {"fields": {"codename": "delete_board", "name": "Can delete board", "content_type": 10}, "model": "auth.permission", "pk": 30}, {"fields": {"codename": "add_project", "name": "Can add project", "content_type": 11}, "model": "auth.permission", "pk": 31}, {"fields": {"codename": "change_project", "name": "Can change project", "content_type": 11}, "model": "auth.permission", "pk": 32}, {"fields": {"codename": "delete_project", "name": "Can delete project", "content_type": 11}, "model": "auth.permission", "pk": 33}, {"fields": {"codename": "add_column", "name": "Can add column", "content_type": 12}, "model": "auth.permission", "pk": 34}, {"fields": {"codename": "change_column", "name": "Can change column", "content_type": 12}, "model": "auth.permission", "pk": 35}, {"fields": {"codename": "delete_column", "name": "Can delete column", "content_type": 12}, "model": "auth.permission", "pk": 36}, {"fields": {"codename": "add_roleteam", "name": "Can add role team", "content_type": 13}, "model": "auth.permission", "pk": 37}, {"fields": {"codename": "change_roleteam", "name": "Can change role team", "content_type": 13}, "model": "auth.permission", "pk": 38}, {"fields": {"codename": "delete_roleteam", "name": "Can delete role team", "content_type": 13}, "model": "auth.permission", "pk": 39}, {"fields": {"codename": "add_card", "name": "Can add card", "content_type": 14}, "model": "auth.permission", "pk": 40}, {"fields": {"codename": "change_card", "name": "Can change card", "content_type": 14}, "model": "auth.permission", "pk": 41}, {"fields": {"codename": "delete_card", "name": "Can delete card", "content_type": 14}, "model": "auth.permission", "pk": 42}, {"fields": {"codename": "add_move", "name": "Can add move", "content_type": 15}, "model": "auth.permission", "pk": 43}, {"fields": {"codename": "change_move", "name": "Can change move", "content_type": 15}, "model": "auth.permission", "pk": 44}, {"fields": {"codename": "delete_move", "name": "Can delete move", "content_type": 15}, "model": "auth.permission", "pk": 45}, {"fields": {"codename": "add_task", "name": "Can add task", "content_type": 16}, "model": "auth.permission", "pk": 46}, {"fields": {"codename": "change_task", "name": "Can change task", "content_type": 16}, "model": "auth.permission", "pk": 47}, {"fields": {"codename": "delete_task", "name": "Can delete task", "content_type": 16}, "model": "auth.permission", "pk": 48}, {"fields": {"codename": "add_permission", "name": "Can add permission", "content_type": 17}, "model": "auth.permission", "pk": 49}, {"fields": {"codename": "change_permission", "name": "Can change permission", "content_type": 17}, "model": "auth.permission", "pk": 50}, {"fields": {"codename": "delete_permission", "name": "Can delete permission", "content_type": 17}, "model": "auth.permission", "pk": 51}, {"fields": {"codename": "add_accessattempt", "name": "Can add access attempt", "content_type": 18}, "model": "auth.permission", "pk": 52}, {"fields": {"codename": "change_accessattempt", "name": "Can change access attempt", "content_type": 18}, "model": "auth.permission", "pk": 53}, {"fields": {"codename": "delete_accessattempt", "name": "Can delete access attempt", "content_type": 18}, "model": "auth.permission", "pk": 54}, {"fields": {"codename": "add_accesslog", "name": "Can add access log", "content_type": 19}, "model": "auth.permission", "pk": 55}, {"fields": {"codename": "change_accesslog", "name": "Can change access log", "content_type": 19}, "model": "auth.permission", "pk": 56}, {"fields": {"codename": "delete_accesslog", "name": "Can delete access log", "content_type": 19}, "model": "auth.permission", "pk": 57}, {"fields": {"codename": "add_userteamactivity", "name": "Can add user team activity", "content_type": 20}, "model": "auth.permission", "pk": 58}, {"fields": {"codename": "change_userteamactivity", "name": "Can change user team activity", "content_type": 20}, "model": "auth.permission", "pk": 59}, {"fields": {"codename": "delete_userteamactivity", "name": "Can delete user team activity", "content_type": 20}, "model": "auth.permission", "pk": 60}, {"fields": {"permissions": [], "name": "ScrumMaster"}, "model": "auth.group", "pk": 4}, {"fields": {"permissions": [], "name": "ProductOwner"}, "model": "auth.group", "pk": 5}, {"fields": {"permissions": [], "name": "TeamMember"}, "model": "auth.group", "pk": 6}, {"fields": {"date_joined": "2015-04-13T00:23:56Z", "is_active": true, "is_staff": true, "first_name": "Admin", "email": "admin@admin.si", "last_name": "Admin", "user_permissions": [], "is_superuser": true, "last_login": "2015-06-10T10:17:30Z", "password": "pbkdf2_sha256$15000$x0uIJyND4r6J$dTojmsKWvr2vLgPUertbYmf6tdAUmIbFu2evgcb//QY=", "groups": [], "username": "admin@admin.si"}, "model": "auth.user", "pk": 5}, {"fields": {"date_joined": "2015-05-27T09:16:59Z", "is_active": true, "is_staff": false, "first_name": "Jo\u017ee", "email": "joze.gorisek@ruse.si", "last_name": "Gori\u0161ek", "user_permissions": [], "is_superuser": false, "last_login": "2015-05-27T09:16:59Z", "password": "pbkdf2_sha256$15000$XGTdXYDuGCaL$0TjnyvCtOq/tjm3/mQYYVpPb7mbkiJ+RxyQahOYiRpY=", "groups": [4], "username": "joze.gorisek@ruse.si"}, "model": "auth.user", "pk": 24}, {"fields": {"date_joined": "2015-06-02T16:40:57Z", "is_active": true, "is_staff": false, "first_name": "Ivan", "email": "ivan.gorisek@ruse.si", "last_name": "Gori\u0161ek", "user_permissions": [], "is_superuser": false, "last_login": "2015-06-02T16:40:57Z", "password": "pbkdf2_sha256$15000$hVAqJ5gehdoh$VUvSGRam43LS3HMtaLMpEruFNMmkQtKQ/8rBJpNoL/I=", "groups": [5, 6], "username": "ivan.gorisek@ruse.si"}, "model": "auth.user", "pk": 25}, {"fields": {"date_joined": "2015-06-02T16:41:22Z", "is_active": true, "is_staff": false, "first_name": "Marija", "email": "marija.gorisek@ruse.si", "last_name": "Gori\u0161ek", "user_permissions": [], "is_superuser": false, "last_login": "2015-06-02T16:41:22Z", "password": "pbkdf2_sha256$15000$8IW6kJoN8ZHI$LaG5zawYkcJYID1YIpBx572uJuusvB7QBrUr5YYG1yo=", "groups": [4, 6], "username": "marija.gorisek@ruse.si"}, "model": "auth.user", "pk": 26}, {"fields": {"date_joined": "2015-06-02T16:41:48Z", "is_active": true, "is_staff": false, "first_name": "Mirko", "email": "mirko.gorisek@ruse.si", "last_name": "Gori\u0161ek", "user_permissions": [], "is_superuser": false, "last_login": "2015-06-02T16:41:48Z", "password": "pbkdf2_sha256$15000$uGg0SVlNxn7i$YyxNSlzdxX3sTLroov0kF2ytH3Ill8i+NqXmSlHafl0=", "groups": [5, 4, 6], "username": "mirko.gorisek@ruse.si"}, "model": "auth.user", "pk": 27}, {"fields": {"date_joined": "2015-06-08T06:44:24Z", "is_active": true, "is_staff": false, "first_name": "Micka", "email": "micka@test.si", "last_name": "Gori\u0161ek", "user_permissions": [], "is_superuser": false, "last_login": "2015-06-08T06:44:24Z", "password": "pbkdf2_sha256$15000$COlX5Qtohawy$ccCeVAePgs73uTFJ/ZyiV6ys2pqkY78haHmJxnSHNGc=", "groups": [5, 4, 6], "username": "micka@test.si"}, "model": "auth.user", "pk": 28}, {"fields": {"date_joined": "2015-06-10T18:03:14Z", "is_active": true, "is_staff": false, "first_name": "Francka", "email": "francka@test.si", "last_name": "Gori\u0161ek", "user_permissions": [], "is_superuser": false, "last_login": "2015-06-10T18:03:14Z", "password": "pbkdf2_sha256$15000$9VoZ6NcnOZug$aiKALKkCC4fUKtNITJvieK+tskisA7gWsRdkhfIu60A=", "groups": [6], "username": "francka@test.si"}, "model": "auth.user", "pk": 29}, {"fields": {"date_joined": "2015-06-10T18:12:05Z", "is_active": true, "is_staff": false, "first_name": "Alojzija", "email": "alojzija@test.si", "last_name": "Gori\u0161ek", "user_permissions": [], "is_superuser": false, "last_login": "2015-06-10T18:12:05Z", "password": "pbkdf2_sha256$15000$wIfOg39cPibO$mUhJrovarjjYO0Zyh8K8JrOiFnOmuoOfoUR/fGZtL5Y=", "groups": [5], "username": "alojzija@test.si"}, "model": "auth.user", "pk": 30}, {"fields": {"user": 27, "is_active": true, "team": 6}, "model": "app.userteam", "pk": 96}, {"fields": {"user": 24, "is_active": true, "team": 6}, "model": "app.userteam", "pk": 97}, {"fields": {"user": 25, "is_active": true, "team": 6}, "model": "app.userteam", "pk": 98}, {"fields": {"user": 26, "is_active": true, "team": 6}, "model": "app.userteam", "pk": 99}, {"fields": {"user": 30, "is_active": true, "team": 10}, "model": "app.userteam", "pk": 139}, {"fields": {"user": 28, "is_active": true, "team": 10}, "model": "app.userteam", "pk": 140}, {"fields": {"user": 25, "is_active": true, "team": 10}, "model": "app.userteam", "pk": 141}, {"fields": {"user": 26, "is_active": true, "team": 10}, "model": "app.userteam", "pk": 142}, {"fields": {"user": 27, "is_active": true, "team": 10}, "model": "app.userteam", "pk": 143}, {"fields": {"user": 29, "is_active": true, "team": 10}, "model": "app.userteam", "pk": 144}, {"fields": {"activated": true, "user": 27, "date": "2015-06-03T20:20:10Z", "team": 6}, "model": "app.userteamactivity", "pk": 1}, {"fields": {"activated": true, "user": 24, "date": "2015-06-03T20:20:11Z", "team": 6}, "model": "app.userteamactivity", "pk": 2}, {"fields": {"activated": true, "user": 25, "date": "2015-06-03T20:20:11Z", "team": 6}, "model": "app.userteamactivity", "pk": 3}, {"fields": {"activated": true, "user": 26, "date": "2015-06-03T20:20:11Z", "team": 6}, "model": "app.userteamactivity", "pk": 4}, {"fields": {"activated": false, "user": 25, "date": "2015-06-04T13:59:09Z", "team": 6}, "model": "app.userteamactivity", "pk": 11}, {"fields": {"activated": false, "user": 26, "date": "2015-06-04T13:59:09Z", "team": 6}, "model": "app.userteamactivity", "pk": 12}, {"fields": {"activated": true, "user": 25, "date": "2015-06-04T13:59:38Z", "team": 6}, "model": "app.userteamactivity", "pk": 13}, {"fields": {"activated": false, "user": 25, "date": "2015-06-05T14:34:15Z", "team": 6}, "model": "app.userteamactivity", "pk": 27}, {"fields": {"activated": true, "user": 25, "date": "2015-06-05T14:34:49Z", "team": 6}, "model": "app.userteamactivity", "pk": 28}, {"fields": {"activated": true, "user": 26, "date": "2015-06-05T14:35:20Z", "team": 6}, "model": "app.userteamactivity", "pk": 29}, {"fields": {"activated": true, "user": 28, "date": "2015-06-08T06:45:23Z", "team": 10}, "model": "app.userteamactivity", "pk": 30}, {"fields": {"activated": true, "user": 25, "date": "2015-06-08T06:45:23Z", "team": 10}, "model": "app.userteamactivity", "pk": 31}, {"fields": {"activated": true, "user": 27, "date": "2015-06-08T06:45:23Z", "team": 10}, "model": "app.userteamactivity", "pk": 32}, {"fields": {"activated": true, "user": 26, "date": "2015-06-08T06:45:23Z", "team": 10}, "model": "app.userteamactivity", "pk": 33}, {"fields": {"activated": true, "user": 29, "date": "2015-06-10T18:04:12Z", "team": 10}, "model": "app.userteamactivity", "pk": 34}, {"fields": {"activated": true, "user": 30, "date": "2015-06-10T18:13:31Z", "team": 10}, "model": "app.userteamactivity", "pk": 35}, {"fields": {"activated": false, "user": 29, "date": "2015-06-10T18:15:02Z", "team": 10}, "model": "app.userteamactivity", "pk": 36}, {"fields": {"user_team": 96, "role": 5}, "model": "app.roleteam", "pk": 101}, {"fields": {"user_team": 97, "role": 4}, "model": "app.roleteam", "pk": 102}, {"fields": {"user_team": 98, "role": 6}, "model": "app.roleteam", "pk": 103}, {"fields": {"user_team": 99, "role": 6}, "model": "app.roleteam", "pk": 104}, {"fields": {"user_team": 139, "role": 5}, "model": "app.roleteam", "pk": 149}, {"fields": {"user_team": 140, "role": 4}, "model": "app.roleteam", "pk": 150}, {"fields": {"user_team": 141, "role": 6}, "model": "app.roleteam", "pk": 151}, {"fields": {"user_team": 142, "role": 6}, "model": "app.roleteam", "pk": 152}, {"fields": {"user_team": 144, "role": 6}, "model": "app.roleteam", "pk": 153}, {"fields": {"user_team": 143, "role": 6}, "model": "app.roleteam", "pk": 154}, {"fields": {"content": "Natakni meso na pal\u010dke", "name": "Ra\u017enji\u010di", "is_active": true, "story_points": "0.00", "column": 38, "project": 10, "type": "silverBullet", "completion_date": "2015-06-08T12:16:25Z", "done_date": "2015-06-09T11:53:00Z", "user": 24, "creation_date": "2015-06-02T12:17:12Z", "development_start_date": "2015-06-04T23:28:00Z"}, "model": "app.card", "pk": 6}, {"fields": {"content": "Goveji", "name": "\u010cevap\u010di\u010di", "is_active": true, "story_points": "0.00", "column": 38, "project": 10, "type": "newFunctionality", "completion_date": "2015-06-08T12:18:41Z", "done_date": "2015-06-09T11:53:00Z", "user": 27, "creation_date": "2015-06-01T09:06:30Z", "development_start_date": "2015-06-05T10:44:00Z"}, "model": "app.card", "pk": 7}, {"fields": {"content": "Svinjske", "name": "Pleskavice", "is_active": true, "story_points": "0.00", "column": 38, "project": 10, "type": "newFunctionality", "completion_date": "2015-06-29T22:00:00Z", "done_date": "2015-06-09T11:53:00Z", "user": 24, "creation_date": "2015-06-01T09:06:50Z", "development_start_date": "2015-06-05T10:44:00Z"}, "model": "app.card", "pk": 8}, {"fields": {"content": "Pi\u0161\u010dan\u010dje", "name": "Frfotalke", "is_active": true, "story_points": "0.00", "column": 38, "project": 10, "type": "newFunctionality", "completion_date": "2015-06-29T22:00:00Z", "done_date": "2015-06-11T11:57:00Z", "user": 26, "creation_date": "2015-06-01T09:07:17Z", "development_start_date": "2015-06-06T10:53:00Z"}, "model": "app.card", "pk": 9}, {"fields": {"content": "Puranji", "name": "Ra\u017enji\u010di", "is_active": true, "story_points": "0.00", "column": 38, "project": 10, "type": "newFunctionality", "completion_date": "2015-06-29T22:00:00Z", "done_date": "2015-06-11T11:57:00Z", "user": 28, "creation_date": "2015-06-01T09:07:47Z", "development_start_date": "2015-06-06T10:53:00Z"}, "model": "app.card", "pk": 10}, {"fields": {"content": "Svinjski", "name": "Kotleti", "is_active": true, "story_points": "0.00", "column": 38, "project": 10, "type": "newFunctionality", "completion_date": "2015-06-29T22:00:00Z", "done_date": "2015-06-11T11:57:00Z", "user": 25, "creation_date": "2015-06-01T09:08:13Z", "development_start_date": "2015-06-06T10:53:00Z"}, "model": "app.card", "pk": 11}, {"fields": {"content": "Zelenjavna", "name": "Solata", "is_active": true, "story_points": "0.00", "column": 38, "project": 10, "type": "newFunctionality", "completion_date": "2015-06-29T22:00:00Z", "done_date": "2015-06-12T11:58:00Z", "user": 26, "creation_date": "2015-06-03T09:09:09Z", "development_start_date": "2015-06-08T11:12:00Z"}, "model": "app.card", "pk": 12}, {"fields": {"content": "Sve\u017e", "name": "Krompir", "is_active": true, "story_points": "0.00", "column": 38, "project": 10, "type": "newFunctionality", "completion_date": "2015-06-29T22:00:00Z", "done_date": "2015-06-12T11:58:00Z", "user": 28, "creation_date": "2015-06-01T09:09:54Z", "development_start_date": "2015-06-08T11:12:00Z"}, "model": "app.card", "pk": 13}, {"fields": {"content": "\u010cisto", "name": "Oglje", "is_active": true, "story_points": "0.00", "column": 38, "project": 10, "type": "newFunctionality", "completion_date": "2015-06-29T22:00:00Z", "done_date": "2015-06-12T11:58:00Z", "user": 28, "creation_date": "2015-06-01T09:10:18Z", "development_start_date": "2015-06-08T11:12:00Z"}, "model": "app.card", "pk": 14}, {"fields": {"content": "Naravni", "name": "Les", "is_active": true, "story_points": "0.00", "column": 38, "project": 10, "type": "newFunctionality", "completion_date": "2015-06-29T22:00:00Z", "done_date": "2015-06-14T12:00:00Z", "user": 28, "creation_date": "2015-06-02T09:10:45Z", "development_start_date": "2015-06-10T11:55:00Z"}, "model": "app.card", "pk": 15}, {"fields": {"content": "Pe\u010den", "name": "Kruh", "is_active": true, "story_points": "0.00", "column": 38, "project": 10, "type": "newFunctionality", "completion_date": "2015-06-29T22:00:00Z", "done_date": "2015-06-14T12:00:00Z", "user": 28, "creation_date": "2015-06-02T09:11:31Z", "development_start_date": "2015-06-10T11:55:00Z"}, "model": "app.card", "pk": 16}, {"fields": {"content": "ti\u0161ina", "name": "Spanje", "is_active": true, "story_points": "0.00", "column": 38, "project": 13, "type": "newFunctionality", "completion_date": "2015-06-29T22:00:00Z", "done_date": "2015-06-10T11:56:00Z", "user": 28, "creation_date": "2015-06-02T09:18:10Z", "development_start_date": "2015-06-05T10:45:00Z"}, "model": "app.card", "pk": 17}, {"fields": {"content": "le\u017ealnik", "name": "Dremanje", "is_active": true, "story_points": "0.00", "column": 38, "project": 13, "type": "newFunctionality", "completion_date": "2015-06-29T22:00:00Z", "done_date": "2015-06-10T11:56:00Z", "user": 27, "creation_date": "2015-06-03T09:18:35Z", "development_start_date": "2015-06-05T10:45:00Z"}, "model": "app.card", "pk": 18}, {"fields": {"content": "rokav\u010dki", "name": "Kopanje", "is_active": true, "story_points": "0.00", "column": 38, "project": 13, "type": "newFunctionality", "completion_date": "2015-06-29T22:00:00Z", "done_date": "2015-06-11T11:57:00Z", "user": 26, "creation_date": "2015-06-03T09:19:10Z", "development_start_date": "2015-06-06T10:53:00Z"}, "model": "app.card", "pk": 19}, {"fields": {"content": "Morski pes", "name": "Ribarjenje", "is_active": true, "story_points": "0.00", "column": 38, "project": 13, "type": "newFunctionality", "completion_date": "2015-06-29T22:00:00Z", "done_date": "2015-06-11T11:57:00Z", "user": 25, "creation_date": "2015-06-03T09:19:34Z", "development_start_date": "2015-06-06T10:53:00Z"}, "model": "app.card", "pk": 20}, {"fields": {"content": "Velik val", "name": "Surfanje", "is_active": true, "story_points": "0.00", "column": 38, "project": 13, "type": "newFunctionality", "completion_date": "2015-06-29T22:00:00Z", "done_date": "2015-06-11T11:57:00Z", "user": 24, "creation_date": "2015-06-03T09:20:04Z", "development_start_date": "2015-06-06T10:53:00Z"}, "model": "app.card", "pk": 21}, {"fields": {"content": "Jugo", "name": "Kajtanje", "is_active": true, "story_points": "0.00", "column": 38, "project": 13, "type": "newFunctionality", "completion_date": "2015-06-29T22:00:00Z", "done_date": "2015-06-13T11:59:00Z", "user": 27, "creation_date": "2015-06-03T09:20:35Z", "development_start_date": "2015-06-08T11:12:00Z"}, "model": "app.card", "pk": 22}, {"fields": {"content": "Skakalnice", "name": "Wake bordanje", "is_active": true, "story_points": "0.00", "column": 38, "project": 13, "type": "newFunctionality", "completion_date": "2015-06-29T22:00:00Z", "done_date": "2015-06-13T11:59:00Z", "user": 26, "creation_date": "2015-06-03T09:21:00Z", "development_start_date": "2015-06-08T11:12:00Z"}, "model": "app.card", "pk": 23}, {"fields": {"content": "blok", "name": "Odbojka", "is_active": true, "story_points": "0.00", "column": 38, "project": 13, "type": "newFunctionality", "completion_date": "2015-06-29T22:00:00Z", "done_date": "2015-06-13T11:59:00Z", "user": 25, "creation_date": "2015-06-03T09:21:53Z", "development_start_date": "2015-06-08T11:12:00Z"}, "model": "app.card", "pk": 24}, {"fields": {"content": "\u017dogica v morju", "name": "Badbinton", "is_active": true, "story_points": "0.00", "column": 38, "project": 13, "type": "newFunctionality", "completion_date": "2015-06-29T22:00:00Z", "done_date": "2015-06-14T12:01:00Z", "user": 28, "creation_date": "2015-06-03T09:22:18Z", "development_start_date": "2015-06-10T11:56:00Z"}, "model": "app.card", "pk": 25}, {"fields": {"content": "Bomba", "name": "Potapljanje", "is_active": true, "story_points": "0.00", "column": 38, "project": 13, "type": "newFunctionality", "completion_date": "2015-06-29T22:00:00Z", "done_date": "2015-06-14T12:01:00Z", "user": 26, "creation_date": "2015-06-03T09:23:09Z", "development_start_date": "2015-06-10T11:56:00Z"}, "model": "app.card", "pk": 26}, {"fields": {"content": "Pesek", "name": "Pe\u0161\u010dene poti\u010dke", "is_active": true, "story_points": "0.00", "column": 38, "project": 13, "type": "silverBullet", "completion_date": "2015-06-29T22:00:00Z", "done_date": "2015-06-10T11:56:00Z", "user": 28, "creation_date": "2015-06-03T09:23:36Z", "development_start_date": "2015-06-05T10:12:00Z"}, "model": "app.card", "pk": 27}, {"fields": {"content": "asdfasdf", "name": "asdfasdf", "is_active": false, "story_points": "0.00", "column": 1, "project": 10, "type": "newFunctionality", "completion_date": null, "done_date": null, "user": null, "creation_date": "2015-06-10T11:34:06Z", "development_start_date": null}, "model": "app.card", "pk": 28}, {"fields": {"content": "sfhsdfh", "name": "sdfdfh", "is_active": false, "story_points": "0.00", "column": 1, "project": 10, "type": "newFunctionality", "completion_date": "2015-06-08T12:13:37Z", "done_date": "2015-06-09T12:14:44Z", "user": 26, "creation_date": "2015-06-10T11:49:21Z", "development_start_date": "2015-06-05T12:14:43Z"}, "model": "app.card", "pk": 29}, {"fields": {"content": "tralala", "name": "Prva", "is_active": true, "story_points": "0.00", "column": 40, "project": 8, "type": "silverBullet", "completion_date": "2015-06-19T22:00:00Z", "done_date": null, "user": 25, "creation_date": "2015-06-10T13:16:49Z", "development_start_date": null}, "model": "app.card", "pk": 31}, {"fields": {"content": "Druga", "name": "Druga", "is_active": true, "story_points": "0.00", "column": 44, "project": 8, "type": "newFunctionality", "completion_date": "2015-06-14T22:00:00Z", "done_date": null, "user": 26, "creation_date": "2015-06-10T13:18:21Z", "development_start_date": "2015-06-10T13:13:00Z"}, "model": "app.card", "pk": 32}, {"fields": {"content": "Tretja", "name": "Tretja", "is_active": true, "story_points": "5.00", "column": 41, "project": 8, "type": "newFunctionality", "completion_date": "2015-06-11T22:00:00Z", "done_date": null, "user": 26, "creation_date": "2015-06-10T13:18:38Z", "development_start_date": "2015-06-10T13:14:00Z"}, "model": "app.card", "pk": 33}, {"fields": {"content": "\u010cetrta", "name": "\u010cetrta", "is_active": true, "story_points": "7.00", "column": 42, "project": 8, "type": "newFunctionality", "completion_date": "2015-06-12T22:00:00Z", "done_date": null, "user": 27, "creation_date": "2015-06-10T13:18:55Z", "development_start_date": null}, "model": "app.card", "pk": 34}, {"fields": {"content": "Peta", "name": "Peta", "is_active": false, "story_points": "0.00", "column": 41, "project": 8, "type": "newFunctionality", "completion_date": "2015-06-17T22:00:00Z", "done_date": null, "user": 25, "creation_date": "2015-06-10T13:19:14Z", "development_start_date": "2015-06-10T13:15:00Z"}, "model": "app.card", "pk": 35}, {"fields": {"content": "ccc", "name": "Card 1", "is_active": true, "story_points": "0.00", "column": 52, "project": 14, "type": "silverBullet", "completion_date": "2015-06-11T22:00:00Z", "done_date": "2015-06-10T18:11:00Z", "user": 29, "creation_date": "2015-06-10T17:51:40Z", "development_start_date": "2015-06-10T17:58:00Z"}, "model": "app.card", "pk": 36}, {"fields": {"content": "3 dni", "name": "Card 2", "is_active": true, "story_points": "0.00", "column": 52, "project": 14, "type": "rejected", "completion_date": "2015-06-12T22:00:00Z", "done_date": "2015-06-10T18:18:00Z", "user": 28, "creation_date": "2015-06-10T17:53:40Z", "development_start_date": "2015-06-10T18:02:00Z"}, "model": "app.card", "pk": 37}, {"fields": {"content": "ccc", "name": "Card 3", "is_active": true, "story_points": "0.00", "column": 48, "project": 14, "type": "newFunctionality", "completion_date": "2015-06-14T22:00:00Z", "done_date": null, "user": null, "creation_date": "2015-06-10T17:54:04Z", "development_start_date": null}, "model": "app.card", "pk": 38}, {"fields": {"content": "3 dni", "name": "Card 4", "is_active": true, "story_points": "0.00", "column": 48, "project": 15, "type": "newFunctionality", "completion_date": "2015-06-12T22:00:00Z", "done_date": null, "user": null, "creation_date": "2015-06-10T17:54:25Z", "development_start_date": null}, "model": "app.card", "pk": 39}, {"fields": {"content": "ccc", "name": "Card 5", "is_active": true, "story_points": "0.00", "column": 48, "project": 15, "type": "newFunctionality", "completion_date": "2015-06-15T22:00:00Z", "done_date": null, "user": null, "creation_date": "2015-06-10T17:54:48Z", "development_start_date": null}, "model": "app.card", "pk": 40}, {"fields": {"card": 7, "from_position": 2, "to_position": 1, "date": "2015-06-01T10:26:51Z", "user": 28, "is_legal": true, "description": "First day"}, "model": "app.move", "pk": 97}, {"fields": {"card": 8, "from_position": 2, "to_position": 1, "date": "2015-06-01T10:26:56Z", "user": 28, "is_legal": true, "description": "First day"}, "model": "app.move", "pk": 98}, {"fields": {"card": 9, "from_position": 2, "to_position": 1, "date": "2015-06-01T10:27:11Z", "user": 28, "is_legal": true, "description": "First day"}, "model": "app.move", "pk": 99}, {"fields": {"card": 10, "from_position": 2, "to_position": 1, "date": "2015-06-01T10:27:12Z", "user": 28, "is_legal": true, "description": "First day"}, "model": "app.move", "pk": 100}, {"fields": {"card": 11, "from_position": 2, "to_position": 1, "date": "2015-06-01T10:27:14Z", "user": 28, "is_legal": true, "description": "First day"}, "model": "app.move", "pk": 101}, {"fields": {"card": 12, "from_position": 2, "to_position": 1, "date": "2015-06-03T10:27:15Z", "user": 28, "is_legal": true, "description": "First day"}, "model": "app.move", "pk": 102}, {"fields": {"card": 13, "from_position": 2, "to_position": 1, "date": "2015-06-01T10:27:17Z", "user": 28, "is_legal": true, "description": "First day"}, "model": "app.move", "pk": 103}, {"fields": {"card": 14, "from_position": 2, "to_position": 1, "date": "2015-06-01T10:27:18Z", "user": 28, "is_legal": true, "description": "First day"}, "model": "app.move", "pk": 104}, {"fields": {"card": 15, "from_position": 2, "to_position": 1, "date": "2015-06-02T10:27:19Z", "user": 28, "is_legal": true, "description": "First day"}, "model": "app.move", "pk": 105}, {"fields": {"card": 16, "from_position": 2, "to_position": 1, "date": "2015-06-02T10:27:20Z", "user": 28, "is_legal": true, "description": "First day"}, "model": "app.move", "pk": 106}, {"fields": {"card": 6, "from_position": 34, "to_position": 2, "date": "2015-06-02T10:27:22Z", "user": 28, "is_legal": true, "description": "First day"}, "model": "app.move", "pk": 107}, {"fields": {"card": 6, "from_position": 3, "to_position": 2, "date": "2015-06-02T10:27:22Z", "user": 28, "is_legal": true, "description": "First day"}, "model": "app.move", "pk": 108}, {"fields": {"card": 17, "from_position": 2, "to_position": 1, "date": "2015-06-02T10:27:24Z", "user": 28, "is_legal": true, "description": "First day"}, "model": "app.move", "pk": 109}, {"fields": {"card": 18, "from_position": 2, "to_position": 1, "date": "2015-06-03T10:27:25Z", "user": 28, "is_legal": true, "description": "First day"}, "model": "app.move", "pk": 110}, {"fields": {"card": 19, "from_position": 2, "to_position": 1, "date": "2015-06-03T10:27:26Z", "user": 28, "is_legal": true, "description": "First day"}, "model": "app.move", "pk": 111}, {"fields": {"card": 20, "from_position": 2, "to_position": 1, "date": "2015-06-03T10:27:28Z", "user": 28, "is_legal": true, "description": "First day"}, "model": "app.move", "pk": 112}, {"fields": {"card": 21, "from_position": 2, "to_position": 1, "date": "2015-06-03T10:27:29Z", "user": 28, "is_legal": true, "description": "First day"}, "model": "app.move", "pk": 113}, {"fields": {"card": 22, "from_position": 2, "to_position": 1, "date": "2015-06-03T10:27:30Z", "user": 28, "is_legal": true, "description": "First day"}, "model": "app.move", "pk": 114}, {"fields": {"card": 23, "from_position": 2, "to_position": 1, "date": "2015-06-03T10:27:31Z", "user": 28, "is_legal": true, "description": "First day"}, "model": "app.move", "pk": 115}, {"fields": {"card": 24, "from_position": 2, "to_position": 1, "date": "2015-06-03T10:27:33Z", "user": 28, "is_legal": true, "description": "First day"}, "model": "app.move", "pk": 116}, {"fields": {"card": 25, "from_position": 2, "to_position": 1, "date": "2015-06-03T10:27:34Z", "user": 28, "is_legal": true, "description": "First day"}, "model": "app.move", "pk": 117}, {"fields": {"card": 26, "from_position": 2, "to_position": 1, "date": "2015-06-03T10:27:35Z", "user": 28, "is_legal": true, "description": "First day"}, "model": "app.move", "pk": 118}, {"fields": {"card": 27, "from_position": 34, "to_position": 2, "date": "2015-06-03T10:27:37Z", "user": 28, "is_legal": true, "description": "First day"}, "model": "app.move", "pk": 119}, {"fields": {"card": 27, "from_position": 3, "to_position": 2, "date": "2015-06-03T10:27:37Z", "user": 28, "is_legal": true, "description": "First day"}, "model": "app.move", "pk": 120}, {"fields": {"card": 7, "from_position": 1, "to_position": 2, "date": "2015-06-04T10:37:34Z", "user": 28, "is_legal": true, "description": "Second day"}, "model": "app.move", "pk": 121}, {"fields": {"card": 8, "from_position": 1, "to_position": 2, "date": "2015-06-04T10:37:38Z", "user": 28, "is_legal": true, "description": "First day"}, "model": "app.move", "pk": 122}, {"fields": {"card": 9, "from_position": 1, "to_position": 2, "date": "2015-06-04T10:37:51Z", "user": 28, "is_legal": true, "description": "Second day"}, "model": "app.move", "pk": 123}, {"fields": {"card": 17, "from_position": 1, "to_position": 2, "date": "2015-06-04T10:37:57Z", "user": 28, "is_legal": true, "description": "Second day"}, "model": "app.move", "pk": 124}, {"fields": {"card": 18, "from_position": 1, "to_position": 2, "date": "2015-06-04T10:37:58Z", "user": 28, "is_legal": true, "description": "Second day"}, "model": "app.move", "pk": 125}, {"fields": {"card": 19, "from_position": 1, "to_position": 2, "date": "2015-06-04T10:38:00Z", "user": 28, "is_legal": true, "description": "Second day"}, "model": "app.move", "pk": 126}, {"fields": {"card": 10, "from_position": 1, "to_position": 2, "date": "2015-06-04T10:42:22Z", "user": 28, "is_legal": true, "description": "Second day"}, "model": "app.move", "pk": 127}, {"fields": {"card": 11, "from_position": 1, "to_position": 2, "date": "2015-06-04T10:42:24Z", "user": 28, "is_legal": true, "description": "Second day"}, "model": "app.move", "pk": 128}, {"fields": {"card": 12, "from_position": 1, "to_position": 2, "date": "2015-06-04T10:42:25Z", "user": 28, "is_legal": true, "description": "Second day"}, "model": "app.move", "pk": 129}, {"fields": {"card": 13, "from_position": 1, "to_position": 2, "date": "2015-06-04T10:42:27Z", "user": 28, "is_legal": true, "description": "Second day"}, "model": "app.move", "pk": 130}, {"fields": {"card": 14, "from_position": 1, "to_position": 2, "date": "2015-06-04T10:42:28Z", "user": 28, "is_legal": true, "description": "Second day"}, "model": "app.move", "pk": 131}, {"fields": {"card": 15, "from_position": 1, "to_position": 2, "date": "2015-06-04T10:42:29Z", "user": 28, "is_legal": true, "description": "Second day"}, "model": "app.move", "pk": 132}, {"fields": {"card": 16, "from_position": 1, "to_position": 2, "date": "2015-06-04T10:42:30Z", "user": 28, "is_legal": true, "description": "Second day"}, "model": "app.move", "pk": 133}, {"fields": {"card": 20, "from_position": 1, "to_position": 2, "date": "2015-06-04T10:42:32Z", "user": 28, "is_legal": true, "description": "Second day"}, "model": "app.move", "pk": 134}, {"fields": {"card": 21, "from_position": 1, "to_position": 2, "date": "2015-06-04T10:42:33Z", "user": 28, "is_legal": true, "description": "Second day"}, "model": "app.move", "pk": 135}, {"fields": {"card": 22, "from_position": 1, "to_position": 2, "date": "2015-06-04T10:42:35Z", "user": 28, "is_legal": true, "description": "Second day"}, "model": "app.move", "pk": 136}, {"fields": {"card": 23, "from_position": 1, "to_position": 2, "date": "2015-06-04T10:42:36Z", "user": 28, "is_legal": true, "description": "Second day"}, "model": "app.move", "pk": 137}, {"fields": {"card": 24, "from_position": 1, "to_position": 2, "date": "2015-06-04T10:42:37Z", "user": 28, "is_legal": true, "description": "Second day"}, "model": "app.move", "pk": 138}, {"fields": {"card": 25, "from_position": 1, "to_position": 2, "date": "2015-06-04T10:42:42Z", "user": 28, "is_legal": false, "description": "Second day"}, "model": "app.move", "pk": 139}, {"fields": {"card": 26, "from_position": 1, "to_position": 2, "date": "2015-06-04T10:42:44Z", "user": 28, "is_legal": false, "description": "Second day"}, "model": "app.move", "pk": 140}, {"fields": {"card": 6, "from_position": 2, "to_position": 34, "date": "2015-06-05T10:50:40Z", "user": 28, "is_legal": true, "description": "Third day"}, "model": "app.move", "pk": 141}, {"fields": {"card": 6, "from_position": 2, "to_position": 3, "date": "2015-06-05T10:50:40Z", "user": 28, "is_legal": true, "description": "Third day"}, "model": "app.move", "pk": 142}, {"fields": {"card": 7, "from_position": 2, "to_position": 34, "date": "2015-06-05T10:50:43Z", "user": 28, "is_legal": true, "description": "Third day"}, "model": "app.move", "pk": 143}, {"fields": {"card": 7, "from_position": 2, "to_position": 3, "date": "2015-06-05T10:50:43Z", "user": 28, "is_legal": true, "description": "Third day"}, "model": "app.move", "pk": 144}, {"fields": {"card": 8, "from_position": 2, "to_position": 34, "date": "2015-06-05T10:50:48Z", "user": 28, "is_legal": true, "description": "Third day"}, "model": "app.move", "pk": 145}, {"fields": {"card": 8, "from_position": 2, "to_position": 3, "date": "2015-06-05T10:50:48Z", "user": 28, "is_legal": true, "description": "Third day"}, "model": "app.move", "pk": 146}, {"fields": {"card": 27, "from_position": 2, "to_position": 34, "date": "2015-06-05T10:51:10Z", "user": 28, "is_legal": true, "description": "Third day"}, "model": "app.move", "pk": 147}, {"fields": {"card": 27, "from_position": 2, "to_position": 3, "date": "2015-06-05T10:51:10Z", "user": 28, "is_legal": true, "description": "Third day"}, "model": "app.move", "pk": 148}, {"fields": {"card": 17, "from_position": 2, "to_position": 34, "date": "2015-06-05T10:51:12Z", "user": 28, "is_legal": true, "description": "Third day"}, "model": "app.move", "pk": 149}, {"fields": {"card": 17, "from_position": 2, "to_position": 3, "date": "2015-06-05T10:51:12Z", "user": 28, "is_legal": true, "description": "Third day"}, "model": "app.move", "pk": 150}, {"fields": {"card": 18, "from_position": 2, "to_position": 34, "date": "2015-06-05T10:51:17Z", "user": 28, "is_legal": true, "description": "Third day"}, "model": "app.move", "pk": 151}, {"fields": {"card": 18, "from_position": 2, "to_position": 3, "date": "2015-06-05T10:51:17Z", "user": 28, "is_legal": true, "description": "Third day"}, "model": "app.move", "pk": 152}, {"fields": {"card": 6, "from_position": 34, "to_position": 35, "date": "2015-06-06T10:58:28Z", "user": 28, "is_legal": true, "description": "Fourth day"}, "model": "app.move", "pk": 153}, {"fields": {"card": 6, "from_position": 3, "to_position": 35, "date": "2015-06-06T10:58:28Z", "user": 28, "is_legal": true, "description": "Fourth day"}, "model": "app.move", "pk": 154}, {"fields": {"card": 6, "from_position": 34, "to_position": 3, "date": "2015-06-06T10:58:28Z", "user": 28, "is_legal": true, "description": "Fourth day"}, "model": "app.move", "pk": 155}, {"fields": {"card": 7, "from_position": 34, "to_position": 35, "date": "2015-06-06T10:58:30Z", "user": 28, "is_legal": true, "description": "Fourth day"}, "model": "app.move", "pk": 156}, {"fields": {"card": 7, "from_position": 3, "to_position": 35, "date": "2015-06-06T10:58:30Z", "user": 28, "is_legal": true, "description": "Fourth day"}, "model": "app.move", "pk": 157}, {"fields": {"card": 7, "from_position": 34, "to_position": 3, "date": "2015-06-06T10:58:30Z", "user": 28, "is_legal": true, "description": "Fourth day"}, "model": "app.move", "pk": 158}, {"fields": {"card": 8, "from_position": 34, "to_position": 35, "date": "2015-06-06T10:58:46Z", "user": 28, "is_legal": true, "description": "Fourth day"}, "model": "app.move", "pk": 159}, {"fields": {"card": 8, "from_position": 3, "to_position": 35, "date": "2015-06-06T10:58:46Z", "user": 28, "is_legal": true, "description": "Fourth day"}, "model": "app.move", "pk": 160}, {"fields": {"card": 8, "from_position": 34, "to_position": 3, "date": "2015-06-06T10:58:46Z", "user": 28, "is_legal": true, "description": "Fourth day"}, "model": "app.move", "pk": 161}, {"fields": {"card": 17, "from_position": 34, "to_position": 35, "date": "2015-06-06T10:58:49Z", "user": 28, "is_legal": true, "description": "Fourth day"}, "model": "app.move", "pk": 162}, {"fields": {"card": 17, "from_position": 3, "to_position": 35, "date": "2015-06-06T10:58:49Z", "user": 28, "is_legal": true, "description": "Fourth day"}, "model": "app.move", "pk": 163}, {"fields": {"card": 17, "from_position": 34, "to_position": 3, "date": "2015-06-06T10:58:49Z", "user": 28, "is_legal": true, "description": "Fourth day"}, "model": "app.move", "pk": 164}, {"fields": {"card": 18, "from_position": 34, "to_position": 35, "date": "2015-06-06T10:58:53Z", "user": 28, "is_legal": true, "description": "Fourth day"}, "model": "app.move", "pk": 165}, {"fields": {"card": 18, "from_position": 3, "to_position": 35, "date": "2015-06-06T10:58:53Z", "user": 28, "is_legal": true, "description": "Fourth day"}, "model": "app.move", "pk": 166}, {"fields": {"card": 18, "from_position": 34, "to_position": 3, "date": "2015-06-06T10:58:53Z", "user": 28, "is_legal": true, "description": "Fourth day"}, "model": "app.move", "pk": 167}, {"fields": {"card": 27, "from_position": 34, "to_position": 35, "date": "2015-06-06T10:59:02Z", "user": 28, "is_legal": true, "description": "Fourth day"}, "model": "app.move", "pk": 168}, {"fields": {"card": 27, "from_position": 3, "to_position": 35, "date": "2015-06-06T10:59:02Z", "user": 28, "is_legal": true, "description": "Fourth day"}, "model": "app.move", "pk": 169}, {"fields": {"card": 27, "from_position": 34, "to_position": 3, "date": "2015-06-06T10:59:02Z", "user": 28, "is_legal": true, "description": "Fourth day"}, "model": "app.move", "pk": 170}, {"fields": {"card": 9, "from_position": 2, "to_position": 34, "date": "2015-06-06T10:59:06Z", "user": 28, "is_legal": true, "description": "Fourth day"}, "model": "app.move", "pk": 171}, {"fields": {"card": 9, "from_position": 2, "to_position": 3, "date": "2015-06-06T10:59:06Z", "user": 28, "is_legal": true, "description": "Fourth day"}, "model": "app.move", "pk": 172}, {"fields": {"card": 10, "from_position": 2, "to_position": 34, "date": "2015-06-06T10:59:07Z", "user": 28, "is_legal": true, "description": "Fourth day"}, "model": "app.move", "pk": 173}, {"fields": {"card": 10, "from_position": 2, "to_position": 3, "date": "2015-06-06T10:59:07Z", "user": 28, "is_legal": true, "description": "Fourth day"}, "model": "app.move", "pk": 174}, {"fields": {"card": 11, "from_position": 2, "to_position": 34, "date": "2015-06-06T10:59:09Z", "user": 28, "is_legal": true, "description": "Fourth day"}, "model": "app.move", "pk": 175}, {"fields": {"card": 11, "from_position": 2, "to_position": 3, "date": "2015-06-06T10:59:09Z", "user": 28, "is_legal": true, "description": "Fourth day"}, "model": "app.move", "pk": 176}, {"fields": {"card": 19, "from_position": 2, "to_position": 34, "date": "2015-06-06T10:59:12Z", "user": 28, "is_legal": true, "description": "Fourth day"}, "model": "app.move", "pk": 177}, {"fields": {"card": 19, "from_position": 2, "to_position": 3, "date": "2015-06-06T10:59:12Z", "user": 28, "is_legal": true, "description": "Fourth day"}, "model": "app.move", "pk": 178}, {"fields": {"card": 20, "from_position": 2, "to_position": 34, "date": "2015-06-06T10:59:14Z", "user": 28, "is_legal": true, "description": "Fourth day"}, "model": "app.move", "pk": 179}, {"fields": {"card": 20, "from_position": 2, "to_position": 3, "date": "2015-06-06T10:59:14Z", "user": 28, "is_legal": true, "description": "Fourth day"}, "model": "app.move", "pk": 180}, {"fields": {"card": 21, "from_position": 2, "to_position": 34, "date": "2015-06-06T10:59:15Z", "user": 28, "is_legal": true, "description": "Fourth day"}, "model": "app.move", "pk": 181}, {"fields": {"card": 21, "from_position": 2, "to_position": 3, "date": "2015-06-06T10:59:15Z", "user": 28, "is_legal": true, "description": "Fourth day"}, "model": "app.move", "pk": 182}, {"fields": {"card": 6, "from_position": 35, "to_position": 36, "date": "2015-06-07T11:06:17Z", "user": 28, "is_legal": true, "description": "Fifth day"}, "model": "app.move", "pk": 183}, {"fields": {"card": 6, "from_position": 3, "to_position": 36, "date": "2015-06-07T11:06:17Z", "user": 28, "is_legal": true, "description": "Fifth day"}, "model": "app.move", "pk": 184}, {"fields": {"card": 6, "from_position": 35, "to_position": 3, "date": "2015-06-07T11:06:17Z", "user": 28, "is_legal": true, "description": "Fifth day"}, "model": "app.move", "pk": 185}, {"fields": {"card": 7, "from_position": 35, "to_position": 36, "date": "2015-06-07T11:06:19Z", "user": 28, "is_legal": true, "description": "Fifth day"}, "model": "app.move", "pk": 186}, {"fields": {"card": 7, "from_position": 3, "to_position": 36, "date": "2015-06-07T11:06:19Z", "user": 28, "is_legal": true, "description": "Fifth day"}, "model": "app.move", "pk": 187}, {"fields": {"card": 7, "from_position": 35, "to_position": 3, "date": "2015-06-07T11:06:19Z", "user": 28, "is_legal": true, "description": "Fifth day"}, "model": "app.move", "pk": 188}, {"fields": {"card": 8, "from_position": 35, "to_position": 36, "date": "2015-06-07T11:06:20Z", "user": 28, "is_legal": true, "description": "Fifth day"}, "model": "app.move", "pk": 189}, {"fields": {"card": 8, "from_position": 3, "to_position": 36, "date": "2015-06-07T11:06:20Z", "user": 28, "is_legal": true, "description": "Fifth day"}, "model": "app.move", "pk": 190}, {"fields": {"card": 8, "from_position": 35, "to_position": 3, "date": "2015-06-07T11:06:20Z", "user": 28, "is_legal": true, "description": "Fifth day"}, "model": "app.move", "pk": 191}, {"fields": {"card": 17, "from_position": 3, "to_position": 36, "date": "2015-06-07T11:06:24Z", "user": 28, "is_legal": true, "description": "Fifth day"}, "model": "app.move", "pk": 192}, {"fields": {"card": 17, "from_position": 35, "to_position": 36, "date": "2015-06-07T11:06:24Z", "user": 28, "is_legal": true, "description": "Fifth day"}, "model": "app.move", "pk": 193}, {"fields": {"card": 17, "from_position": 35, "to_position": 3, "date": "2015-06-07T11:06:24Z", "user": 28, "is_legal": true, "description": "Fifth day"}, "model": "app.move", "pk": 194}, {"fields": {"card": 18, "from_position": 3, "to_position": 36, "date": "2015-06-07T11:06:25Z", "user": 28, "is_legal": true, "description": "Fifth day"}, "model": "app.move", "pk": 195}, {"fields": {"card": 18, "from_position": 35, "to_position": 36, "date": "2015-06-07T11:06:25Z", "user": 28, "is_legal": true, "description": "Fifth day"}, "model": "app.move", "pk": 196}, {"fields": {"card": 18, "from_position": 35, "to_position": 3, "date": "2015-06-07T11:06:25Z", "user": 28, "is_legal": true, "description": "Fifth day"}, "model": "app.move", "pk": 197}, {"fields": {"card": 27, "from_position": 35, "to_position": 36, "date": "2015-06-07T11:06:26Z", "user": 28, "is_legal": true, "description": "Fifth day"}, "model": "app.move", "pk": 198}, {"fields": {"card": 27, "from_position": 3, "to_position": 36, "date": "2015-06-07T11:06:26Z", "user": 28, "is_legal": true, "description": "Fifth day"}, "model": "app.move", "pk": 199}, {"fields": {"card": 27, "from_position": 35, "to_position": 3, "date": "2015-06-07T11:06:26Z", "user": 28, "is_legal": true, "description": "Fifth day"}, "model": "app.move", "pk": 200}, {"fields": {"card": 19, "from_position": 34, "to_position": 35, "date": "2015-06-07T11:06:27Z", "user": 28, "is_legal": true, "description": "Fifth day"}, "model": "app.move", "pk": 201}, {"fields": {"card": 19, "from_position": 3, "to_position": 35, "date": "2015-06-07T11:06:27Z", "user": 28, "is_legal": true, "description": "Fifth day"}, "model": "app.move", "pk": 202}, {"fields": {"card": 19, "from_position": 34, "to_position": 3, "date": "2015-06-07T11:06:27Z", "user": 28, "is_legal": true, "description": "Fifth day"}, "model": "app.move", "pk": 203}, {"fields": {"card": 20, "from_position": 34, "to_position": 35, "date": "2015-06-07T11:06:28Z", "user": 28, "is_legal": true, "description": "Fifth day"}, "model": "app.move", "pk": 204}, {"fields": {"card": 20, "from_position": 3, "to_position": 35, "date": "2015-06-07T11:06:28Z", "user": 28, "is_legal": true, "description": "Fifth day"}, "model": "app.move", "pk": 205}, {"fields": {"card": 20, "from_position": 34, "to_position": 3, "date": "2015-06-07T11:06:28Z", "user": 28, "is_legal": true, "description": "Fifth day"}, "model": "app.move", "pk": 206}, {"fields": {"card": 21, "from_position": 34, "to_position": 3, "date": "2015-06-07T11:06:29Z", "user": 28, "is_legal": true, "description": "Fifth day"}, "model": "app.move", "pk": 207}, {"fields": {"card": 21, "from_position": 3, "to_position": 35, "date": "2015-06-07T11:06:29Z", "user": 28, "is_legal": true, "description": "Fifth day"}, "model": "app.move", "pk": 208}, {"fields": {"card": 21, "from_position": 34, "to_position": 35, "date": "2015-06-07T11:06:29Z", "user": 28, "is_legal": true, "description": "Fifth day"}, "model": "app.move", "pk": 209}, {"fields": {"card": 9, "from_position": 34, "to_position": 35, "date": "2015-06-07T11:06:31Z", "user": 28, "is_legal": true, "description": "Fifth day"}, "model": "app.move", "pk": 210}, {"fields": {"card": 9, "from_position": 3, "to_position": 35, "date": "2015-06-07T11:06:31Z", "user": 28, "is_legal": true, "description": "Fifth day"}, "model": "app.move", "pk": 211}, {"fields": {"card": 9, "from_position": 34, "to_position": 3, "date": "2015-06-07T11:06:31Z", "user": 28, "is_legal": true, "description": "Fifth day"}, "model": "app.move", "pk": 212}, {"fields": {"card": 10, "from_position": 34, "to_position": 35, "date": "2015-06-07T11:06:32Z", "user": 28, "is_legal": true, "description": "Fifth day"}, "model": "app.move", "pk": 213}, {"fields": {"card": 10, "from_position": 3, "to_position": 35, "date": "2015-06-07T11:06:32Z", "user": 28, "is_legal": true, "description": "Fifth day"}, "model": "app.move", "pk": 214}, {"fields": {"card": 10, "from_position": 34, "to_position": 3, "date": "2015-06-07T11:06:32Z", "user": 28, "is_legal": true, "description": "Fifth day"}, "model": "app.move", "pk": 215}, {"fields": {"card": 11, "from_position": 34, "to_position": 35, "date": "2015-06-07T11:06:33Z", "user": 28, "is_legal": true, "description": "Fifth day"}, "model": "app.move", "pk": 216}, {"fields": {"card": 11, "from_position": 3, "to_position": 35, "date": "2015-06-07T11:06:34Z", "user": 28, "is_legal": true, "description": "Fifth day"}, "model": "app.move", "pk": 217}, {"fields": {"card": 11, "from_position": 34, "to_position": 3, "date": "2015-06-07T11:06:34Z", "user": 28, "is_legal": true, "description": "Fifth day"}, "model": "app.move", "pk": 218}, {"fields": {"card": 6, "from_position": 36, "to_position": 37, "date": "2015-06-08T11:17:44Z", "user": 28, "is_legal": true, "description": "Sixth day"}, "model": "app.move", "pk": 219}, {"fields": {"card": 6, "from_position": 3, "to_position": 37, "date": "2015-06-08T11:17:44Z", "user": 28, "is_legal": true, "description": "Sixth day"}, "model": "app.move", "pk": 220}, {"fields": {"card": 6, "from_position": 36, "to_position": 3, "date": "2015-06-08T11:17:44Z", "user": 28, "is_legal": true, "description": "Sixth day"}, "model": "app.move", "pk": 221}, {"fields": {"card": 7, "from_position": 36, "to_position": 37, "date": "2015-06-08T11:17:46Z", "user": 28, "is_legal": true, "description": "Sixth day"}, "model": "app.move", "pk": 222}, {"fields": {"card": 7, "from_position": 3, "to_position": 37, "date": "2015-06-08T11:17:46Z", "user": 28, "is_legal": true, "description": "Sixth day"}, "model": "app.move", "pk": 223}, {"fields": {"card": 7, "from_position": 36, "to_position": 3, "date": "2015-06-08T11:17:46Z", "user": 28, "is_legal": true, "description": "Sixth day"}, "model": "app.move", "pk": 224}, {"fields": {"card": 8, "from_position": 36, "to_position": 37, "date": "2015-06-08T11:17:47Z", "user": 28, "is_legal": true, "description": "Sixth day"}, "model": "app.move", "pk": 225}, {"fields": {"card": 8, "from_position": 3, "to_position": 37, "date": "2015-06-08T11:17:47Z", "user": 28, "is_legal": true, "description": "Sixth day"}, "model": "app.move", "pk": 226}, {"fields": {"card": 8, "from_position": 36, "to_position": 3, "date": "2015-06-08T11:17:47Z", "user": 28, "is_legal": true, "description": "Sixth day"}, "model": "app.move", "pk": 227}, {"fields": {"card": 9, "from_position": 3, "to_position": 36, "date": "2015-06-08T11:17:51Z", "user": 28, "is_legal": true, "description": "Sixth day"}, "model": "app.move", "pk": 228}, {"fields": {"card": 9, "from_position": 35, "to_position": 36, "date": "2015-06-08T11:17:51Z", "user": 28, "is_legal": true, "description": "Sixth day"}, "model": "app.move", "pk": 229}, {"fields": {"card": 9, "from_position": 35, "to_position": 3, "date": "2015-06-08T11:17:51Z", "user": 28, "is_legal": true, "description": "Sixth day"}, "model": "app.move", "pk": 230}, {"fields": {"card": 10, "from_position": 35, "to_position": 36, "date": "2015-06-08T11:17:52Z", "user": 28, "is_legal": true, "description": "Sixth day"}, "model": "app.move", "pk": 231}, {"fields": {"card": 10, "from_position": 3, "to_position": 36, "date": "2015-06-08T11:17:52Z", "user": 28, "is_legal": true, "description": "Sixth day"}, "model": "app.move", "pk": 232}, {"fields": {"card": 10, "from_position": 35, "to_position": 3, "date": "2015-06-08T11:17:52Z", "user": 28, "is_legal": true, "description": "Sixth day"}, "model": "app.move", "pk": 233}, {"fields": {"card": 11, "from_position": 35, "to_position": 36, "date": "2015-06-08T11:17:53Z", "user": 28, "is_legal": true, "description": "Sixth day"}, "model": "app.move", "pk": 234}, {"fields": {"card": 11, "from_position": 3, "to_position": 36, "date": "2015-06-08T11:17:53Z", "user": 28, "is_legal": true, "description": "Sixth day"}, "model": "app.move", "pk": 235}, {"fields": {"card": 11, "from_position": 35, "to_position": 3, "date": "2015-06-08T11:17:53Z", "user": 28, "is_legal": true, "description": "Sixth day"}, "model": "app.move", "pk": 236}, {"fields": {"card": 17, "from_position": 3, "to_position": 37, "date": "2015-06-08T11:17:56Z", "user": 28, "is_legal": true, "description": "Sixth day"}, "model": "app.move", "pk": 237}, {"fields": {"card": 17, "from_position": 36, "to_position": 37, "date": "2015-06-08T11:17:56Z", "user": 28, "is_legal": true, "description": "Sixth day"}, "model": "app.move", "pk": 238}, {"fields": {"card": 17, "from_position": 36, "to_position": 3, "date": "2015-06-08T11:17:56Z", "user": 28, "is_legal": true, "description": "Sixth day"}, "model": "app.move", "pk": 239}, {"fields": {"card": 18, "from_position": 36, "to_position": 37, "date": "2015-06-08T11:17:58Z", "user": 28, "is_legal": true, "description": "Sixth day"}, "model": "app.move", "pk": 240}, {"fields": {"card": 18, "from_position": 3, "to_position": 37, "date": "2015-06-08T11:17:58Z", "user": 28, "is_legal": true, "description": "Sixth day"}, "model": "app.move", "pk": 241}, {"fields": {"card": 18, "from_position": 36, "to_position": 3, "date": "2015-06-08T11:17:58Z", "user": 28, "is_legal": true, "description": "Sixth day"}, "model": "app.move", "pk": 242}, {"fields": {"card": 27, "from_position": 36, "to_position": 37, "date": "2015-06-08T11:17:59Z", "user": 28, "is_legal": true, "description": "Sixth day"}, "model": "app.move", "pk": 243}, {"fields": {"card": 27, "from_position": 3, "to_position": 37, "date": "2015-06-08T11:17:59Z", "user": 28, "is_legal": true, "description": "Sixth day"}, "model": "app.move", "pk": 244}, {"fields": {"card": 27, "from_position": 36, "to_position": 3, "date": "2015-06-08T11:18:00Z", "user": 28, "is_legal": true, "description": "Sixth day"}, "model": "app.move", "pk": 245}, {"fields": {"card": 19, "from_position": 35, "to_position": 36, "date": "2015-06-08T11:18:01Z", "user": 28, "is_legal": true, "description": "Sixth day"}, "model": "app.move", "pk": 246}, {"fields": {"card": 19, "from_position": 3, "to_position": 36, "date": "2015-06-08T11:18:01Z", "user": 28, "is_legal": true, "description": "Sixth day"}, "model": "app.move", "pk": 247}, {"fields": {"card": 19, "from_position": 35, "to_position": 3, "date": "2015-06-08T11:18:01Z", "user": 28, "is_legal": true, "description": "Sixth day"}, "model": "app.move", "pk": 248}, {"fields": {"card": 20, "from_position": 3, "to_position": 36, "date": "2015-06-08T11:18:03Z", "user": 28, "is_legal": true, "description": "Sixth day"}, "model": "app.move", "pk": 249}, {"fields": {"card": 20, "from_position": 35, "to_position": 36, "date": "2015-06-08T11:18:03Z", "user": 28, "is_legal": true, "description": "Sixth day"}, "model": "app.move", "pk": 250}, {"fields": {"card": 20, "from_position": 35, "to_position": 3, "date": "2015-06-08T11:18:03Z", "user": 28, "is_legal": true, "description": "Sixth day"}, "model": "app.move", "pk": 251}, {"fields": {"card": 21, "from_position": 35, "to_position": 36, "date": "2015-06-08T11:18:04Z", "user": 28, "is_legal": true, "description": "Sixth day"}, "model": "app.move", "pk": 252}, {"fields": {"card": 21, "from_position": 3, "to_position": 36, "date": "2015-06-08T11:18:04Z", "user": 28, "is_legal": true, "description": "Sixth day"}, "model": "app.move", "pk": 253}, {"fields": {"card": 21, "from_position": 35, "to_position": 3, "date": "2015-06-08T11:18:04Z", "user": 28, "is_legal": true, "description": "Sixth day"}, "model": "app.move", "pk": 254}, {"fields": {"card": 6, "from_position": 37, "to_position": 4, "date": "2015-06-08T11:18:13Z", "user": 28, "is_legal": true, "description": "Sixth day"}, "model": "app.move", "pk": 255}, {"fields": {"card": 6, "from_position": 3, "to_position": 4, "date": "2015-06-08T11:18:13Z", "user": 28, "is_legal": true, "description": "Sixth day"}, "model": "app.move", "pk": 256}, {"fields": {"card": 7, "from_position": 37, "to_position": 4, "date": "2015-06-08T11:18:15Z", "user": 28, "is_legal": true, "description": "Sixth day"}, "model": "app.move", "pk": 257}, {"fields": {"card": 7, "from_position": 3, "to_position": 4, "date": "2015-06-08T11:18:15Z", "user": 28, "is_legal": true, "description": "Sixth day"}, "model": "app.move", "pk": 258}, {"fields": {"card": 8, "from_position": 37, "to_position": 4, "date": "2015-06-08T11:18:16Z", "user": 28, "is_legal": true, "description": "Sixth day"}, "model": "app.move", "pk": 259}, {"fields": {"card": 8, "from_position": 3, "to_position": 4, "date": "2015-06-08T11:18:16Z", "user": 28, "is_legal": true, "description": "Sixth day"}, "model": "app.move", "pk": 260}, {"fields": {"card": 27, "from_position": 37, "to_position": 4, "date": "2015-06-08T11:18:19Z", "user": 28, "is_legal": true, "description": "Sixth day"}, "model": "app.move", "pk": 261}, {"fields": {"card": 27, "from_position": 3, "to_position": 4, "date": "2015-06-08T11:18:19Z", "user": 28, "is_legal": true, "description": "Sixth day"}, "model": "app.move", "pk": 262}, {"fields": {"card": 17, "from_position": 37, "to_position": 4, "date": "2015-06-08T11:18:20Z", "user": 28, "is_legal": true, "description": "Sixth day"}, "model": "app.move", "pk": 263}, {"fields": {"card": 17, "from_position": 3, "to_position": 4, "date": "2015-06-08T11:18:20Z", "user": 28, "is_legal": true, "description": "Sixth day"}, "model": "app.move", "pk": 264}, {"fields": {"card": 18, "from_position": 3, "to_position": 4, "date": "2015-06-08T11:18:21Z", "user": 28, "is_legal": true, "description": "Sixth day"}, "model": "app.move", "pk": 265}, {"fields": {"card": 18, "from_position": 37, "to_position": 4, "date": "2015-06-08T11:18:21Z", "user": 28, "is_legal": true, "description": "Sixth day"}, "model": "app.move", "pk": 266}, {"fields": {"card": 12, "from_position": 2, "to_position": 34, "date": "2015-06-08T11:18:24Z", "user": 28, "is_legal": true, "description": "Sixth day"}, "model": "app.move", "pk": 267}, {"fields": {"card": 12, "from_position": 2, "to_position": 3, "date": "2015-06-08T11:18:24Z", "user": 28, "is_legal": true, "description": "Sixth day"}, "model": "app.move", "pk": 268}, {"fields": {"card": 13, "from_position": 2, "to_position": 34, "date": "2015-06-08T11:18:26Z", "user": 28, "is_legal": true, "description": "Sixth day"}, "model": "app.move", "pk": 269}, {"fields": {"card": 13, "from_position": 2, "to_position": 3, "date": "2015-06-08T11:18:26Z", "user": 28, "is_legal": true, "description": "Sixth day"}, "model": "app.move", "pk": 270}, {"fields": {"card": 14, "from_position": 2, "to_position": 34, "date": "2015-06-08T11:18:27Z", "user": 28, "is_legal": true, "description": "Sixth day"}, "model": "app.move", "pk": 271}, {"fields": {"card": 14, "from_position": 2, "to_position": 3, "date": "2015-06-08T11:18:27Z", "user": 28, "is_legal": true, "description": "Sixth day"}, "model": "app.move", "pk": 272}, {"fields": {"card": 22, "from_position": 2, "to_position": 34, "date": "2015-06-08T11:18:33Z", "user": 28, "is_legal": true, "description": "Sixth day"}, "model": "app.move", "pk": 273}, {"fields": {"card": 22, "from_position": 2, "to_position": 3, "date": "2015-06-08T11:18:33Z", "user": 28, "is_legal": true, "description": "Sixth day"}, "model": "app.move", "pk": 274}, {"fields": {"card": 23, "from_position": 2, "to_position": 34, "date": "2015-06-08T11:18:34Z", "user": 28, "is_legal": true, "description": "Sixth day"}, "model": "app.move", "pk": 275}, {"fields": {"card": 23, "from_position": 2, "to_position": 3, "date": "2015-06-08T11:18:34Z", "user": 28, "is_legal": true, "description": "Sixth day"}, "model": "app.move", "pk": 276}, {"fields": {"card": 24, "from_position": 2, "to_position": 34, "date": "2015-06-08T11:18:36Z", "user": 28, "is_legal": true, "description": "Sixth day"}, "model": "app.move", "pk": 277}, {"fields": {"card": 24, "from_position": 2, "to_position": 3, "date": "2015-06-08T11:18:36Z", "user": 28, "is_legal": true, "description": "Sixth day"}, "model": "app.move", "pk": 278}, {"fields": {"card": 6, "from_position": 4, "to_position": 38, "date": "2015-06-09T11:50:00Z", "user": 28, "is_legal": true, "description": ""}, "model": "app.move", "pk": 284}, {"fields": {"card": 7, "from_position": 4, "to_position": 38, "date": "2015-06-09T11:50:00Z", "user": 28, "is_legal": true, "description": ""}, "model": "app.move", "pk": 285}, {"fields": {"card": 8, "from_position": 4, "to_position": 38, "date": "2015-06-09T11:50:00Z", "user": 28, "is_legal": true, "description": ""}, "model": "app.move", "pk": 286}, {"fields": {"card": 9, "from_position": 36, "to_position": 37, "date": "2015-06-09T11:50:00Z", "user": 28, "is_legal": true, "description": ""}, "model": "app.move", "pk": 287}, {"fields": {"card": 9, "from_position": 3, "to_position": 37, "date": "2015-06-09T11:50:00Z", "user": 28, "is_legal": true, "description": ""}, "model": "app.move", "pk": 288}, {"fields": {"card": 9, "from_position": 36, "to_position": 3, "date": "2015-06-09T11:50:00Z", "user": 28, "is_legal": true, "description": ""}, "model": "app.move", "pk": 289}, {"fields": {"card": 10, "from_position": 36, "to_position": 37, "date": "2015-06-09T11:50:00Z", "user": 28, "is_legal": true, "description": ""}, "model": "app.move", "pk": 290}, {"fields": {"card": 10, "from_position": 3, "to_position": 37, "date": "2015-06-09T11:50:00Z", "user": 28, "is_legal": true, "description": ""}, "model": "app.move", "pk": 291}, {"fields": {"card": 10, "from_position": 36, "to_position": 3, "date": "2015-06-09T11:50:00Z", "user": 28, "is_legal": true, "description": ""}, "model": "app.move", "pk": 292}, {"fields": {"card": 11, "from_position": 36, "to_position": 37, "date": "2015-06-09T11:50:00Z", "user": 28, "is_legal": true, "description": ""}, "model": "app.move", "pk": 293}, {"fields": {"card": 11, "from_position": 3, "to_position": 37, "date": "2015-06-09T11:50:00Z", "user": 28, "is_legal": true, "description": ""}, "model": "app.move", "pk": 294}, {"fields": {"card": 11, "from_position": 36, "to_position": 3, "date": "2015-06-09T11:50:00Z", "user": 28, "is_legal": true, "description": ""}, "model": "app.move", "pk": 295}, {"fields": {"card": 12, "from_position": 34, "to_position": 35, "date": "2015-06-09T11:50:00Z", "user": 28, "is_legal": true, "description": ""}, "model": "app.move", "pk": 296}, {"fields": {"card": 12, "from_position": 3, "to_position": 35, "date": "2015-06-09T11:50:00Z", "user": 28, "is_legal": true, "description": ""}, "model": "app.move", "pk": 297}, {"fields": {"card": 12, "from_position": 34, "to_position": 3, "date": "2015-06-09T11:50:00Z", "user": 28, "is_legal": true, "description": ""}, "model": "app.move", "pk": 298}, {"fields": {"card": 13, "from_position": 34, "to_position": 35, "date": "2015-06-09T11:50:00Z", "user": 28, "is_legal": true, "description": ""}, "model": "app.move", "pk": 299}, {"fields": {"card": 13, "from_position": 3, "to_position": 35, "date": "2015-06-09T11:50:00Z", "user": 28, "is_legal": true, "description": ""}, "model": "app.move", "pk": 300}, {"fields": {"card": 13, "from_position": 34, "to_position": 3, "date": "2015-06-09T11:50:00Z", "user": 28, "is_legal": true, "description": ""}, "model": "app.move", "pk": 301}, {"fields": {"card": 14, "from_position": 34, "to_position": 35, "date": "2015-06-09T11:50:00Z", "user": 28, "is_legal": true, "description": ""}, "model": "app.move", "pk": 302}, {"fields": {"card": 14, "from_position": 3, "to_position": 35, "date": "2015-06-09T11:50:00Z", "user": 28, "is_legal": true, "description": ""}, "model": "app.move", "pk": 303}, {"fields": {"card": 14, "from_position": 34, "to_position": 3, "date": "2015-06-09T11:50:00Z", "user": 28, "is_legal": true, "description": ""}, "model": "app.move", "pk": 304}, {"fields": {"card": 9, "from_position": 37, "to_position": 4, "date": "2015-06-09T11:50:00Z", "user": 28, "is_legal": true, "description": ""}, "model": "app.move", "pk": 305}, {"fields": {"card": 9, "from_position": 3, "to_position": 4, "date": "2015-06-09T11:50:00Z", "user": 28, "is_legal": true, "description": ""}, "model": "app.move", "pk": 306}, {"fields": {"card": 10, "from_position": 37, "to_position": 4, "date": "2015-06-09T11:50:00Z", "user": 28, "is_legal": true, "description": ""}, "model": "app.move", "pk": 307}, {"fields": {"card": 10, "from_position": 3, "to_position": 4, "date": "2015-06-09T11:50:00Z", "user": 28, "is_legal": true, "description": ""}, "model": "app.move", "pk": 308}, {"fields": {"card": 11, "from_position": 37, "to_position": 4, "date": "2015-06-09T11:50:00Z", "user": 28, "is_legal": true, "description": ""}, "model": "app.move", "pk": 309}, {"fields": {"card": 11, "from_position": 3, "to_position": 4, "date": "2015-06-09T11:50:00Z", "user": 28, "is_legal": true, "description": ""}, "model": "app.move", "pk": 310}, {"fields": {"card": 12, "from_position": 35, "to_position": 36, "date": "2015-06-10T11:50:00Z", "user": 28, "is_legal": true, "description": ""}, "model": "app.move", "pk": 311}, {"fields": {"card": 12, "from_position": 3, "to_position": 36, "date": "2015-06-10T11:50:00Z", "user": 28, "is_legal": true, "description": ""}, "model": "app.move", "pk": 312}, {"fields": {"card": 12, "from_position": 35, "to_position": 3, "date": "2015-06-10T11:50:00Z", "user": 28, "is_legal": true, "description": ""}, "model": "app.move", "pk": 313}, {"fields": {"card": 13, "from_position": 35, "to_position": 36, "date": "2015-06-10T11:50:00Z", "user": 28, "is_legal": true, "description": ""}, "model": "app.move", "pk": 314}, {"fields": {"card": 13, "from_position": 3, "to_position": 36, "date": "2015-06-10T11:50:00Z", "user": 28, "is_legal": true, "description": ""}, "model": "app.move", "pk": 315}, {"fields": {"card": 13, "from_position": 35, "to_position": 3, "date": "2015-06-10T11:50:00Z", "user": 28, "is_legal": true, "description": ""}, "model": "app.move", "pk": 316}, {"fields": {"card": 14, "from_position": 35, "to_position": 36, "date": "2015-06-10T11:50:00Z", "user": 28, "is_legal": true, "description": ""}, "model": "app.move", "pk": 317}, {"fields": {"card": 14, "from_position": 3, "to_position": 36, "date": "2015-06-10T11:50:00Z", "user": 28, "is_legal": true, "description": ""}, "model": "app.move", "pk": 318}, {"fields": {"card": 14, "from_position": 35, "to_position": 3, "date": "2015-06-10T11:50:00Z", "user": 28, "is_legal": true, "description": ""}, "model": "app.move", "pk": 319}, {"fields": {"card": 15, "from_position": 2, "to_position": 34, "date": "2015-06-10T11:50:00Z", "user": 28, "is_legal": true, "description": ""}, "model": "app.move", "pk": 320}, {"fields": {"card": 15, "from_position": 2, "to_position": 3, "date": "2015-06-10T11:50:00Z", "user": 28, "is_legal": true, "description": ""}, "model": "app.move", "pk": 321}, {"fields": {"card": 16, "from_position": 2, "to_position": 34, "date": "2015-06-10T11:50:00Z", "user": 28, "is_legal": true, "description": ""}, "model": "app.move", "pk": 322}, {"fields": {"card": 16, "from_position": 2, "to_position": 3, "date": "2015-06-10T11:50:00Z", "user": 28, "is_legal": true, "description": ""}, "model": "app.move", "pk": 323}, {"fields": {"card": 19, "from_position": 36, "to_position": 37, "date": "2015-06-10T11:50:00Z", "user": 28, "is_legal": true, "description": ""}, "model": "app.move", "pk": 324}, {"fields": {"card": 19, "from_position": 3, "to_position": 37, "date": "2015-06-10T11:50:00Z", "user": 28, "is_legal": true, "description": ""}, "model": "app.move", "pk": 325}, {"fields": {"card": 19, "from_position": 36, "to_position": 3, "date": "2015-06-10T11:50:00Z", "user": 28, "is_legal": true, "description": ""}, "model": "app.move", "pk": 326}, {"fields": {"card": 20, "from_position": 36, "to_position": 37, "date": "2015-06-10T11:50:00Z", "user": 28, "is_legal": true, "description": ""}, "model": "app.move", "pk": 327}, {"fields": {"card": 20, "from_position": 3, "to_position": 37, "date": "2015-06-10T11:50:00Z", "user": 28, "is_legal": true, "description": ""}, "model": "app.move", "pk": 328}, {"fields": {"card": 20, "from_position": 36, "to_position": 3, "date": "2015-06-10T11:50:00Z", "user": 28, "is_legal": true, "description": ""}, "model": "app.move", "pk": 329}, {"fields": {"card": 21, "from_position": 36, "to_position": 37, "date": "2015-06-10T11:50:00Z", "user": 28, "is_legal": true, "description": ""}, "model": "app.move", "pk": 330}, {"fields": {"card": 21, "from_position": 3, "to_position": 37, "date": "2015-06-10T11:50:00Z", "user": 28, "is_legal": true, "description": ""}, "model": "app.move", "pk": 331}, {"fields": {"card": 21, "from_position": 36, "to_position": 3, "date": "2015-06-10T11:50:00Z", "user": 28, "is_legal": true, "description": ""}, "model": "app.move", "pk": 332}, {"fields": {"card": 22, "from_position": 34, "to_position": 35, "date": "2015-06-10T11:50:00Z", "user": 28, "is_legal": true, "description": ""}, "model": "app.move", "pk": 333}, {"fields": {"card": 22, "from_position": 3, "to_position": 35, "date": "2015-06-10T11:50:00Z", "user": 28, "is_legal": true, "description": ""}, "model": "app.move", "pk": 334}, {"fields": {"card": 22, "from_position": 34, "to_position": 3, "date": "2015-06-10T11:50:00Z", "user": 28, "is_legal": true, "description": ""}, "model": "app.move", "pk": 335}, {"fields": {"card": 23, "from_position": 34, "to_position": 35, "date": "2015-06-10T11:50:00Z", "user": 28, "is_legal": true, "description": ""}, "model": "app.move", "pk": 336}, {"fields": {"card": 23, "from_position": 3, "to_position": 35, "date": "2015-06-10T11:50:00Z", "user": 28, "is_legal": true, "description": ""}, "model": "app.move", "pk": 337}, {"fields": {"card": 23, "from_position": 34, "to_position": 3, "date": "2015-06-10T11:50:00Z", "user": 28, "is_legal": true, "description": ""}, "model": "app.move", "pk": 338}, {"fields": {"card": 24, "from_position": 34, "to_position": 35, "date": "2015-06-10T11:50:00Z", "user": 28, "is_legal": true, "description": ""}, "model": "app.move", "pk": 339}, {"fields": {"card": 24, "from_position": 3, "to_position": 35, "date": "2015-06-10T11:50:00Z", "user": 28, "is_legal": true, "description": ""}, "model": "app.move", "pk": 340}, {"fields": {"card": 24, "from_position": 34, "to_position": 3, "date": "2015-06-10T11:50:00Z", "user": 28, "is_legal": true, "description": ""}, "model": "app.move", "pk": 341}, {"fields": {"card": 17, "from_position": 4, "to_position": 38, "date": "2015-06-10T11:50:00Z", "user": 28, "is_legal": true, "description": ""}, "model": "app.move", "pk": 342}, {"fields": {"card": 18, "from_position": 4, "to_position": 38, "date": "2015-06-10T11:50:00Z", "user": 28, "is_legal": true, "description": ""}, "model": "app.move", "pk": 343}, {"fields": {"card": 27, "from_position": 4, "to_position": 38, "date": "2015-06-10T11:50:00Z", "user": 28, "is_legal": true, "description": ""}, "model": "app.move", "pk": 344}, {"fields": {"card": 19, "from_position": 37, "to_position": 4, "date": "2015-06-10T11:50:00Z", "user": 28, "is_legal": true, "description": ""}, "model": "app.move", "pk": 345}, {"fields": {"card": 19, "from_position": 3, "to_position": 4, "date": "2015-06-10T11:50:00Z", "user": 28, "is_legal": true, "description": ""}, "model": "app.move", "pk": 346}, {"fields": {"card": 20, "from_position": 37, "to_position": 4, "date": "2015-06-10T11:50:00Z", "user": 28, "is_legal": true, "description": ""}, "model": "app.move", "pk": 347}, {"fields": {"card": 20, "from_position": 3, "to_position": 4, "date": "2015-06-10T11:50:00Z", "user": 28, "is_legal": true, "description": ""}, "model": "app.move", "pk": 348}, {"fields": {"card": 21, "from_position": 37, "to_position": 4, "date": "2015-06-10T11:50:00Z", "user": 28, "is_legal": true, "description": ""}, "model": "app.move", "pk": 349}, {"fields": {"card": 21, "from_position": 3, "to_position": 4, "date": "2015-06-10T11:50:00Z", "user": 28, "is_legal": true, "description": ""}, "model": "app.move", "pk": 350}, {"fields": {"card": 25, "from_position": 2, "to_position": 34, "date": "2015-06-10T11:50:00Z", "user": 28, "is_legal": true, "description": ""}, "model": "app.move", "pk": 351}, {"fields": {"card": 25, "from_position": 2, "to_position": 3, "date": "2015-06-10T11:50:00Z", "user": 28, "is_legal": true, "description": ""}, "model": "app.move", "pk": 352}, {"fields": {"card": 26, "from_position": 2, "to_position": 34, "date": "2015-06-10T11:50:00Z", "user": 28, "is_legal": true, "description": ""}, "model": "app.move", "pk": 353}, {"fields": {"card": 26, "from_position": 2, "to_position": 3, "date": "2015-06-10T11:50:00Z", "user": 28, "is_legal": true, "description": ""}, "model": "app.move", "pk": 354}, {"fields": {"card": 9, "from_position": 4, "to_position": 38, "date": "2015-06-11T11:50:00Z", "user": 28, "is_legal": true, "description": ""}, "model": "app.move", "pk": 355}, {"fields": {"card": 10, "from_position": 4, "to_position": 38, "date": "2015-06-11T11:50:00Z", "user": 28, "is_legal": true, "description": ""}, "model": "app.move", "pk": 356}, {"fields": {"card": 11, "from_position": 4, "to_position": 38, "date": "2015-06-11T11:50:00Z", "user": 28, "is_legal": true, "description": ""}, "model": "app.move", "pk": 357}, {"fields": {"card": 19, "from_position": 4, "to_position": 38, "date": "2015-06-11T11:50:00Z", "user": 28, "is_legal": true, "description": ""}, "model": "app.move", "pk": 358}, {"fields": {"card": 20, "from_position": 4, "to_position": 38, "date": "2015-06-11T11:50:00Z", "user": 28, "is_legal": true, "description": ""}, "model": "app.move", "pk": 359}, {"fields": {"card": 21, "from_position": 4, "to_position": 38, "date": "2015-06-11T11:50:00Z", "user": 28, "is_legal": true, "description": ""}, "model": "app.move", "pk": 360}, {"fields": {"card": 12, "from_position": 36, "to_position": 37, "date": "2015-06-11T11:50:00Z", "user": 28, "is_legal": true, "description": ""}, "model": "app.move", "pk": 361}, {"fields": {"card": 12, "from_position": 3, "to_position": 37, "date": "2015-06-11T11:50:00Z", "user": 28, "is_legal": true, "description": ""}, "model": "app.move", "pk": 362}, {"fields": {"card": 12, "from_position": 36, "to_position": 3, "date": "2015-06-11T11:50:00Z", "user": 28, "is_legal": true, "description": ""}, "model": "app.move", "pk": 363}, {"fields": {"card": 13, "from_position": 36, "to_position": 37, "date": "2015-06-11T11:50:00Z", "user": 28, "is_legal": true, "description": ""}, "model": "app.move", "pk": 364}, {"fields": {"card": 13, "from_position": 3, "to_position": 37, "date": "2015-06-11T11:50:00Z", "user": 28, "is_legal": true, "description": ""}, "model": "app.move", "pk": 365}, {"fields": {"card": 13, "from_position": 36, "to_position": 3, "date": "2015-06-11T11:50:00Z", "user": 28, "is_legal": true, "description": ""}, "model": "app.move", "pk": 366}, {"fields": {"card": 14, "from_position": 36, "to_position": 37, "date": "2015-06-11T11:50:00Z", "user": 28, "is_legal": true, "description": ""}, "model": "app.move", "pk": 367}, {"fields": {"card": 14, "from_position": 3, "to_position": 37, "date": "2015-06-11T11:50:00Z", "user": 28, "is_legal": true, "description": ""}, "model": "app.move", "pk": 368}, {"fields": {"card": 14, "from_position": 36, "to_position": 3, "date": "2015-06-11T11:50:00Z", "user": 28, "is_legal": true, "description": ""}, "model": "app.move", "pk": 369}, {"fields": {"card": 15, "from_position": 34, "to_position": 35, "date": "2015-06-11T11:50:00Z", "user": 28, "is_legal": true, "description": ""}, "model": "app.move", "pk": 370}, {"fields": {"card": 15, "from_position": 3, "to_position": 35, "date": "2015-06-11T11:50:00Z", "user": 28, "is_legal": true, "description": ""}, "model": "app.move", "pk": 371}, {"fields": {"card": 15, "from_position": 34, "to_position": 3, "date": "2015-06-11T11:50:00Z", "user": 28, "is_legal": true, "description": ""}, "model": "app.move", "pk": 372}, {"fields": {"card": 16, "from_position": 34, "to_position": 35, "date": "2015-06-11T11:50:00Z", "user": 28, "is_legal": true, "description": ""}, "model": "app.move", "pk": 373}, {"fields": {"card": 16, "from_position": 3, "to_position": 35, "date": "2015-06-11T11:50:00Z", "user": 28, "is_legal": true, "description": ""}, "model": "app.move", "pk": 374}, {"fields": {"card": 16, "from_position": 34, "to_position": 3, "date": "2015-06-11T11:50:00Z", "user": 28, "is_legal": true, "description": ""}, "model": "app.move", "pk": 375}, {"fields": {"card": 12, "from_position": 37, "to_position": 4, "date": "2015-06-11T11:50:00Z", "user": 28, "is_legal": true, "description": ""}, "model": "app.move", "pk": 376}, {"fields": {"card": 12, "from_position": 3, "to_position": 4, "date": "2015-06-11T11:50:00Z", "user": 28, "is_legal": true, "description": ""}, "model": "app.move", "pk": 377}, {"fields": {"card": 13, "from_position": 37, "to_position": 4, "date": "2015-06-11T11:50:00Z", "user": 28, "is_legal": true, "description": ""}, "model": "app.move", "pk": 378}, {"fields": {"card": 13, "from_position": 3, "to_position": 4, "date": "2015-06-11T11:50:00Z", "user": 28, "is_legal": true, "description": ""}, "model": "app.move", "pk": 379}, {"fields": {"card": 14, "from_position": 37, "to_position": 4, "date": "2015-06-11T11:50:00Z", "user": 28, "is_legal": true, "description": ""}, "model": "app.move", "pk": 380}, {"fields": {"card": 14, "from_position": 3, "to_position": 4, "date": "2015-06-11T11:50:00Z", "user": 28, "is_legal": true, "description": ""}, "model": "app.move", "pk": 381}, {"fields": {"card": 22, "from_position": 35, "to_position": 36, "date": "2015-06-11T11:50:00Z", "user": 28, "is_legal": true, "description": ""}, "model": "app.move", "pk": 382}, {"fields": {"card": 22, "from_position": 3, "to_position": 36, "date": "2015-06-11T11:50:00Z", "user": 28, "is_legal": true, "description": ""}, "model": "app.move", "pk": 383}, {"fields": {"card": 22, "from_position": 35, "to_position": 3, "date": "2015-06-11T11:50:00Z", "user": 28, "is_legal": true, "description": ""}, "model": "app.move", "pk": 384}, {"fields": {"card": 23, "from_position": 35, "to_position": 36, "date": "2015-06-11T11:50:00Z", "user": 28, "is_legal": true, "description": ""}, "model": "app.move", "pk": 385}, {"fields": {"card": 23, "from_position": 3, "to_position": 36, "date": "2015-06-11T11:50:00Z", "user": 28, "is_legal": true, "description": ""}, "model": "app.move", "pk": 386}, {"fields": {"card": 23, "from_position": 35, "to_position": 3, "date": "2015-06-11T11:50:00Z", "user": 28, "is_legal": true, "description": ""}, "model": "app.move", "pk": 387}, {"fields": {"card": 24, "from_position": 35, "to_position": 36, "date": "2015-06-11T11:50:00Z", "user": 28, "is_legal": true, "description": ""}, "model": "app.move", "pk": 388}, {"fields": {"card": 24, "from_position": 3, "to_position": 36, "date": "2015-06-11T11:50:00Z", "user": 28, "is_legal": true, "description": ""}, "model": "app.move", "pk": 389}, {"fields": {"card": 24, "from_position": 35, "to_position": 3, "date": "2015-06-11T11:50:00Z", "user": 28, "is_legal": true, "description": ""}, "model": "app.move", "pk": 390}, {"fields": {"card": 25, "from_position": 34, "to_position": 35, "date": "2015-06-11T11:50:00Z", "user": 28, "is_legal": true, "description": ""}, "model": "app.move", "pk": 391}, {"fields": {"card": 25, "from_position": 3, "to_position": 35, "date": "2015-06-11T11:50:00Z", "user": 28, "is_legal": true, "description": ""}, "model": "app.move", "pk": 392}, {"fields": {"card": 25, "from_position": 34, "to_position": 3, "date": "2015-06-11T11:50:00Z", "user": 28, "is_legal": true, "description": ""}, "model": "app.move", "pk": 393}, {"fields": {"card": 26, "from_position": 34, "to_position": 35, "date": "2015-06-11T11:50:00Z", "user": 28, "is_legal": true, "description": ""}, "model": "app.move", "pk": 394}, {"fields": {"card": 26, "from_position": 3, "to_position": 35, "date": "2015-06-11T11:50:00Z", "user": 28, "is_legal": true, "description": ""}, "model": "app.move", "pk": 395}, {"fields": {"card": 26, "from_position": 34, "to_position": 3, "date": "2015-06-11T11:50:00Z", "user": 28, "is_legal": true, "description": ""}, "model": "app.move", "pk": 396}, {"fields": {"card": 15, "from_position": 3, "to_position": 36, "date": "2015-06-12T11:50:00Z", "user": 28, "is_legal": true, "description": ""}, "model": "app.move", "pk": 397}, {"fields": {"card": 15, "from_position": 35, "to_position": 36, "date": "2015-06-12T11:50:00Z", "user": 28, "is_legal": true, "description": ""}, "model": "app.move", "pk": 398}, {"fields": {"card": 15, "from_position": 35, "to_position": 3, "date": "2015-06-12T11:50:00Z", "user": 28, "is_legal": true, "description": ""}, "model": "app.move", "pk": 399}, {"fields": {"card": 16, "from_position": 35, "to_position": 36, "date": "2015-06-12T11:50:00Z", "user": 28, "is_legal": true, "description": ""}, "model": "app.move", "pk": 400}, {"fields": {"card": 16, "from_position": 3, "to_position": 36, "date": "2015-06-12T11:50:00Z", "user": 28, "is_legal": true, "description": ""}, "model": "app.move", "pk": 401}, {"fields": {"card": 16, "from_position": 35, "to_position": 3, "date": "2015-06-12T11:50:00Z", "user": 28, "is_legal": true, "description": ""}, "model": "app.move", "pk": 402}, {"fields": {"card": 22, "from_position": 36, "to_position": 37, "date": "2015-06-12T11:50:00Z", "user": 28, "is_legal": true, "description": ""}, "model": "app.move", "pk": 403}, {"fields": {"card": 22, "from_position": 3, "to_position": 37, "date": "2015-06-12T11:50:00Z", "user": 28, "is_legal": true, "description": ""}, "model": "app.move", "pk": 404}, {"fields": {"card": 22, "from_position": 36, "to_position": 3, "date": "2015-06-12T11:50:00Z", "user": 28, "is_legal": true, "description": ""}, "model": "app.move", "pk": 405}, {"fields": {"card": 23, "from_position": 36, "to_position": 37, "date": "2015-06-12T11:50:00Z", "user": 28, "is_legal": true, "description": ""}, "model": "app.move", "pk": 406}, {"fields": {"card": 23, "from_position": 3, "to_position": 37, "date": "2015-06-12T11:50:00Z", "user": 28, "is_legal": true, "description": ""}, "model": "app.move", "pk": 407}, {"fields": {"card": 23, "from_position": 36, "to_position": 3, "date": "2015-06-12T11:50:00Z", "user": 28, "is_legal": true, "description": ""}, "model": "app.move", "pk": 408}, {"fields": {"card": 24, "from_position": 36, "to_position": 37, "date": "2015-06-12T11:50:00Z", "user": 28, "is_legal": true, "description": ""}, "model": "app.move", "pk": 409}, {"fields": {"card": 24, "from_position": 3, "to_position": 37, "date": "2015-06-12T11:50:00Z", "user": 28, "is_legal": true, "description": ""}, "model": "app.move", "pk": 410}, {"fields": {"card": 24, "from_position": 36, "to_position": 3, "date": "2015-06-12T11:50:00Z", "user": 28, "is_legal": true, "description": ""}, "model": "app.move", "pk": 411}, {"fields": {"card": 25, "from_position": 35, "to_position": 36, "date": "2015-06-12T11:50:00Z", "user": 28, "is_legal": true, "description": ""}, "model": "app.move", "pk": 412}, {"fields": {"card": 25, "from_position": 3, "to_position": 36, "date": "2015-06-12T11:50:00Z", "user": 28, "is_legal": true, "description": ""}, "model": "app.move", "pk": 413}, {"fields": {"card": 25, "from_position": 35, "to_position": 3, "date": "2015-06-12T11:50:00Z", "user": 28, "is_legal": true, "description": ""}, "model": "app.move", "pk": 414}, {"fields": {"card": 26, "from_position": 35, "to_position": 36, "date": "2015-06-12T11:50:00Z", "user": 28, "is_legal": true, "description": ""}, "model": "app.move", "pk": 415}, {"fields": {"card": 26, "from_position": 3, "to_position": 36, "date": "2015-06-12T11:50:00Z", "user": 28, "is_legal": true, "description": ""}, "model": "app.move", "pk": 416}, {"fields": {"card": 26, "from_position": 35, "to_position": 3, "date": "2015-06-12T11:50:00Z", "user": 28, "is_legal": true, "description": ""}, "model": "app.move", "pk": 417}, {"fields": {"card": 22, "from_position": 37, "to_position": 4, "date": "2015-06-12T11:50:00Z", "user": 28, "is_legal": true, "description": ""}, "model": "app.move", "pk": 418}, {"fields": {"card": 22, "from_position": 3, "to_position": 4, "date": "2015-06-12T11:50:00Z", "user": 28, "is_legal": true, "description": ""}, "model": "app.move", "pk": 419}, {"fields": {"card": 23, "from_position": 37, "to_position": 4, "date": "2015-06-12T11:50:00Z", "user": 28, "is_legal": true, "description": ""}, "model": "app.move", "pk": 420}, {"fields": {"card": 23, "from_position": 3, "to_position": 4, "date": "2015-06-12T11:50:00Z", "user": 28, "is_legal": true, "description": ""}, "model": "app.move", "pk": 421}, {"fields": {"card": 24, "from_position": 37, "to_position": 4, "date": "2015-06-12T11:50:00Z", "user": 28, "is_legal": true, "description": ""}, "model": "app.move", "pk": 422}, {"fields": {"card": 24, "from_position": 3, "to_position": 4, "date": "2015-06-12T11:50:00Z", "user": 28, "is_legal": true, "description": ""}, "model": "app.move", "pk": 423}, {"fields": {"card": 12, "from_position": 4, "to_position": 38, "date": "2015-06-12T11:50:00Z", "user": 28, "is_legal": true, "description": ""}, "model": "app.move", "pk": 424}, {"fields": {"card": 13, "from_position": 4, "to_position": 38, "date": "2015-06-12T11:50:00Z", "user": 28, "is_legal": true, "description": ""}, "model": "app.move", "pk": 425}, {"fields": {"card": 14, "from_position": 4, "to_position": 38, "date": "2015-06-12T11:50:00Z", "user": 28, "is_legal": true, "description": ""}, "model": "app.move", "pk": 426}, {"fields": {"card": 15, "from_position": 3, "to_position": 37, "date": "2015-06-13T11:50:00Z", "user": 28, "is_legal": true, "description": ""}, "model": "app.move", "pk": 427}, {"fields": {"card": 15, "from_position": 36, "to_position": 3, "date": "2015-06-13T11:50:00Z", "user": 28, "is_legal": true, "description": ""}, "model": "app.move", "pk": 428}, {"fields": {"card": 15, "from_position": 36, "to_position": 37, "date": "2015-06-13T11:50:00Z", "user": 28, "is_legal": true, "description": ""}, "model": "app.move", "pk": 429}, {"fields": {"card": 16, "from_position": 36, "to_position": 37, "date": "2015-06-13T11:50:00Z", "user": 28, "is_legal": true, "description": ""}, "model": "app.move", "pk": 430}, {"fields": {"card": 16, "from_position": 3, "to_position": 37, "date": "2015-06-13T11:50:00Z", "user": 28, "is_legal": true, "description": ""}, "model": "app.move", "pk": 431}, {"fields": {"card": 16, "from_position": 36, "to_position": 3, "date": "2015-06-13T11:50:00Z", "user": 28, "is_legal": true, "description": ""}, "model": "app.move", "pk": 432}, {"fields": {"card": 22, "from_position": 4, "to_position": 38, "date": "2015-06-13T11:50:00Z", "user": 28, "is_legal": true, "description": ""}, "model": "app.move", "pk": 433}, {"fields": {"card": 23, "from_position": 4, "to_position": 38, "date": "2015-06-13T11:50:00Z", "user": 28, "is_legal": true, "description": ""}, "model": "app.move", "pk": 434}, {"fields": {"card": 24, "from_position": 4, "to_position": 38, "date": "2015-06-13T11:50:00Z", "user": 28, "is_legal": true, "description": ""}, "model": "app.move", "pk": 435}, {"fields": {"card": 25, "from_position": 36, "to_position": 37, "date": "2015-06-13T11:50:00Z", "user": 28, "is_legal": true, "description": ""}, "model": "app.move", "pk": 436}, {"fields": {"card": 25, "from_position": 3, "to_position": 37, "date": "2015-06-13T11:50:00Z", "user": 28, "is_legal": true, "description": ""}, "model": "app.move", "pk": 437}, {"fields": {"card": 25, "from_position": 36, "to_position": 3, "date": "2015-06-13T11:50:00Z", "user": 28, "is_legal": true, "description": ""}, "model": "app.move", "pk": 438}, {"fields": {"card": 26, "from_position": 36, "to_position": 37, "date": "2015-06-13T11:50:00Z", "user": 28, "is_legal": true, "description": ""}, "model": "app.move", "pk": 439}, {"fields": {"card": 26, "from_position": 3, "to_position": 37, "date": "2015-06-13T11:50:00Z", "user": 28, "is_legal": true, "description": ""}, "model": "app.move", "pk": 440}, {"fields": {"card": 26, "from_position": 36, "to_position": 3, "date": "2015-06-13T11:50:00Z", "user": 28, "is_legal": true, "description": ""}, "model": "app.move", "pk": 441}, {"fields": {"card": 15, "from_position": 37, "to_position": 4, "date": "2015-06-13T11:50:00Z", "user": 28, "is_legal": true, "description": ""}, "model": "app.move", "pk": 442}, {"fields": {"card": 15, "from_position": 3, "to_position": 4, "date": "2015-06-13T11:50:00Z", "user": 28, "is_legal": true, "description": ""}, "model": "app.move", "pk": 443}, {"fields": {"card": 16, "from_position": 37, "to_position": 4, "date": "2015-06-13T11:50:00Z", "user": 28, "is_legal": true, "description": ""}, "model": "app.move", "pk": 444}, {"fields": {"card": 16, "from_position": 3, "to_position": 4, "date": "2015-06-13T11:50:00Z", "user": 28, "is_legal": true, "description": ""}, "model": "app.move", "pk": 445}, {"fields": {"card": 25, "from_position": 37, "to_position": 4, "date": "2015-06-13T11:50:00Z", "user": 28, "is_legal": true, "description": ""}, "model": "app.move", "pk": 446}, {"fields": {"card": 25, "from_position": 3, "to_position": 4, "date": "2015-06-13T11:50:00Z", "user": 28, "is_legal": true, "description": ""}, "model": "app.move", "pk": 447}, {"fields": {"card": 26, "from_position": 37, "to_position": 4, "date": "2015-06-13T11:50:00Z", "user": 28, "is_legal": true, "description": ""}, "model": "app.move", "pk": 448}, {"fields": {"card": 26, "from_position": 3, "to_position": 4, "date": "2015-06-13T11:50:00Z", "user": 28, "is_legal": true, "description": ""}, "model": "app.move", "pk": 449}, {"fields": {"card": 15, "from_position": 4, "to_position": 38, "date": "2015-06-14T11:50:00Z", "user": 28, "is_legal": true, "description": ""}, "model": "app.move", "pk": 450}, {"fields": {"card": 16, "from_position": 4, "to_position": 38, "date": "2015-06-14T11:50:00Z", "user": 28, "is_legal": true, "description": ""}, "model": "app.move", "pk": 451}, {"fields": {"card": 25, "from_position": 4, "to_position": 38, "date": "2015-06-14T11:50:00Z", "user": 28, "is_legal": false, "description": ""}, "model": "app.move", "pk": 452}, {"fields": {"card": 26, "from_position": 4, "to_position": 38, "date": "2015-06-14T11:50:00Z", "user": 28, "is_legal": false, "description": ""}, "model": "app.move", "pk": 453}, {"fields": {"card": 31, "from_position": null, "to_position": 40, "date": "2015-06-10T13:16:49Z", "user": 24, "is_legal": true, "description": ""}, "model": "app.move", "pk": 454}, {"fields": {"card": 32, "from_position": null, "to_position": 39, "date": "2015-06-10T13:18:21Z", "user": 27, "is_legal": true, "description": ""}, "model": "app.move", "pk": 455}, {"fields": {"card": 33, "from_position": null, "to_position": 39, "date": "2015-06-10T13:18:38Z", "user": 27, "is_legal": true, "description": ""}, "model": "app.move", "pk": 456}, {"fields": {"card": 34, "from_position": null, "to_position": 39, "date": "2015-06-10T13:18:55Z", "user": 27, "is_legal": true, "description": ""}, "model": "app.move", "pk": 457}, {"fields": {"card": 35, "from_position": null, "to_position": 39, "date": "2015-06-10T13:19:14Z", "user": 27, "is_legal": false, "description": ""}, "model": "app.move", "pk": 458}, {"fields": {"card": 32, "from_position": 39, "to_position": 40, "date": "2015-06-10T13:19:19Z", "user": 27, "is_legal": true, "description": ""}, "model": "app.move", "pk": 459}, {"fields": {"card": 33, "from_position": 39, "to_position": 40, "date": "2015-06-10T13:19:23Z", "user": 27, "is_legal": false, "description": ""}, "model": "app.move", "pk": 460}, {"fields": {"card": 32, "from_position": 40, "to_position": 41, "date": "2015-06-10T13:19:26Z", "user": 27, "is_legal": true, "description": ""}, "model": "app.move", "pk": 461}, {"fields": {"card": 33, "from_position": 40, "to_position": 41, "date": "2015-06-10T13:20:58Z", "user": 27, "is_legal": true, "description": ""}, "model": "app.move", "pk": 462}, {"fields": {"card": 35, "from_position": 39, "to_position": 40, "date": "2015-06-10T13:21:08Z", "user": 27, "is_legal": true, "description": ""}, "model": "app.move", "pk": 463}, {"fields": {"card": 35, "from_position": 40, "to_position": 41, "date": "2015-06-10T13:21:16Z", "user": 27, "is_legal": true, "description": ""}, "model": "app.move", "pk": 464}, {"fields": {"card": 34, "from_position": 39, "to_position": 40, "date": "2015-06-10T13:21:18Z", "user": 27, "is_legal": true, "description": ""}, "model": "app.move", "pk": 465}, {"fields": {"card": 34, "from_position": 40, "to_position": 41, "date": "2015-06-10T13:21:20Z", "user": 27, "is_legal": false, "description": ""}, "model": "app.move", "pk": 466}, {"fields": {"card": 32, "from_position": 41, "to_position": 42, "date": "2015-06-10T13:22:18Z", "user": 27, "is_legal": true, "description": ""}, "model": "app.move", "pk": 467}, {"fields": {"card": 34, "from_position": 41, "to_position": 42, "date": "2015-06-10T13:22:23Z", "user": 27, "is_legal": true, "description": ""}, "model": "app.move", "pk": 468}, {"fields": {"card": 32, "from_position": 42, "to_position": 43, "date": "2015-06-10T13:22:24Z", "user": 27, "is_legal": true, "description": ""}, "model": "app.move", "pk": 469}, {"fields": {"card": 32, "from_position": 43, "to_position": 44, "date": "2015-06-10T13:22:25Z", "user": 27, "is_legal": true, "description": ""}, "model": "app.move", "pk": 470}, {"fields": {"card": 35, "from_position": 41, "to_position": null, "date": "2015-06-10T13:25:17Z", "user": 24, "is_legal": true, "description": "test"}, "model": "app.move", "pk": 471}, {"fields": {"card": 36, "from_position": null, "to_position": 48, "date": "2015-06-10T17:51:40Z", "user": 28, "is_legal": true, "description": ""}, "model": "app.move", "pk": 472}, {"fields": {"card": 37, "from_position": null, "to_position": 47, "date": "2015-06-10T17:53:40Z", "user": 28, "is_legal": true, "description": ""}, "model": "app.move", "pk": 473}, {"fields": {"card": 38, "from_position": null, "to_position": 47, "date": "2015-06-10T17:54:04Z", "user": 28, "is_legal": true, "description": ""}, "model": "app.move", "pk": 474}, {"fields": {"card": 39, "from_position": null, "to_position": 47, "date": "2015-06-10T17:54:25Z", "user": 28, "is_legal": true, "description": ""}, "model": "app.move", "pk": 475}, {"fields": {"card": 40, "from_position": null, "to_position": 47, "date": "2015-06-10T17:54:48Z", "user": 28, "is_legal": true, "description": ""}, "model": "app.move", "pk": 476}, {"fields": {"card": 37, "from_position": 47, "to_position": 48, "date": "2015-06-10T17:54:53Z", "user": 28, "is_legal": true, "description": ""}, "model": "app.move", "pk": 477}, {"fields": {"card": 39, "from_position": 47, "to_position": 48, "date": "2015-06-10T17:54:56Z", "user": 28, "is_legal": true, "description": ""}, "model": "app.move", "pk": 478}, {"fields": {"card": 40, "from_position": 47, "to_position": 48, "date": "2015-06-10T17:55:00Z", "user": 28, "is_legal": true, "description": ""}, "model": "app.move", "pk": 479}, {"fields": {"card": 36, "from_position": 48, "to_position": 53, "date": "2015-06-10T18:05:15Z", "user": 29, "is_legal": true, "description": ""}, "model": "app.move", "pk": 480}, {"fields": {"card": 36, "from_position": 48, "to_position": 49, "date": "2015-06-10T18:05:15Z", "user": 29, "is_legal": true, "description": ""}, "model": "app.move", "pk": 481}, {"fields": {"card": 36, "from_position": 53, "to_position": 54, "date": "2015-06-10T18:06:35Z", "user": 29, "is_legal": true, "description": ""}, "model": "app.move", "pk": 482}, {"fields": {"card": 36, "from_position": 49, "to_position": 54, "date": "2015-06-10T18:06:35Z", "user": 29, "is_legal": true, "description": ""}, "model": "app.move", "pk": 483}, {"fields": {"card": 36, "from_position": 53, "to_position": 49, "date": "2015-06-10T18:06:35Z", "user": 29, "is_legal": true, "description": ""}, "model": "app.move", "pk": 484}, {"fields": {"card": 36, "from_position": 54, "to_position": 55, "date": "2015-06-10T18:06:42Z", "user": 29, "is_legal": true, "description": ""}, "model": "app.move", "pk": 485}, {"fields": {"card": 36, "from_position": 49, "to_position": 55, "date": "2015-06-10T18:06:42Z", "user": 29, "is_legal": true, "description": ""}, "model": "app.move", "pk": 486}, {"fields": {"card": 36, "from_position": 54, "to_position": 49, "date": "2015-06-10T18:06:42Z", "user": 29, "is_legal": true, "description": ""}, "model": "app.move", "pk": 487}, {"fields": {"card": 36, "from_position": 55, "to_position": 54, "date": "2015-06-10T18:06:44Z", "user": 29, "is_legal": true, "description": ""}, "model": "app.move", "pk": 488}, {"fields": {"card": 36, "from_position": 49, "to_position": 54, "date": "2015-06-10T18:06:44Z", "user": 29, "is_legal": true, "description": ""}, "model": "app.move", "pk": 489}, {"fields": {"card": 36, "from_position": 55, "to_position": 49, "date": "2015-06-10T18:06:44Z", "user": 29, "is_legal": true, "description": ""}, "model": "app.move", "pk": 490}, {"fields": {"card": 36, "from_position": 54, "to_position": 55, "date": "2015-06-10T18:06:59Z", "user": 29, "is_legal": true, "description": ""}, "model": "app.move", "pk": 491}, {"fields": {"card": 36, "from_position": 49, "to_position": 55, "date": "2015-06-10T18:06:59Z", "user": 29, "is_legal": true, "description": ""}, "model": "app.move", "pk": 492}, {"fields": {"card": 36, "from_position": 54, "to_position": 49, "date": "2015-06-10T18:06:59Z", "user": 29, "is_legal": true, "description": ""}, "model": "app.move", "pk": 493}, {"fields": {"card": 36, "from_position": 55, "to_position": 56, "date": "2015-06-10T18:07:07Z", "user": 29, "is_legal": true, "description": ""}, "model": "app.move", "pk": 494}, {"fields": {"card": 36, "from_position": 49, "to_position": 56, "date": "2015-06-10T18:07:07Z", "user": 29, "is_legal": true, "description": ""}, "model": "app.move", "pk": 495}, {"fields": {"card": 36, "from_position": 55, "to_position": 49, "date": "2015-06-10T18:07:07Z", "user": 29, "is_legal": true, "description": ""}, "model": "app.move", "pk": 496}, {"fields": {"card": 36, "from_position": 56, "to_position": 57, "date": "2015-06-10T18:07:15Z", "user": 29, "is_legal": true, "description": ""}, "model": "app.move", "pk": 497}, {"fields": {"card": 36, "from_position": 49, "to_position": 57, "date": "2015-06-10T18:07:15Z", "user": 29, "is_legal": true, "description": ""}, "model": "app.move", "pk": 498}, {"fields": {"card": 36, "from_position": 56, "to_position": 49, "date": "2015-06-10T18:07:15Z", "user": 29, "is_legal": true, "description": ""}, "model": "app.move", "pk": 499}, {"fields": {"card": 36, "from_position": 49, "to_position": 50, "date": "2015-06-10T18:07:50Z", "user": 29, "is_legal": true, "description": ""}, "model": "app.move", "pk": 500}, {"fields": {"card": 36, "from_position": 57, "to_position": 50, "date": "2015-06-10T18:07:50Z", "user": 29, "is_legal": true, "description": ""}, "model": "app.move", "pk": 501}, {"fields": {"card": 37, "from_position": 48, "to_position": 53, "date": "2015-06-10T18:09:30Z", "user": 29, "is_legal": true, "description": ""}, "model": "app.move", "pk": 502}, {"fields": {"card": 37, "from_position": 48, "to_position": 49, "date": "2015-06-10T18:09:30Z", "user": 29, "is_legal": true, "description": ""}, "model": "app.move", "pk": 503}, {"fields": {"card": 37, "from_position": 53, "to_position": 54, "date": "2015-06-10T18:09:44Z", "user": 29, "is_legal": true, "description": ""}, "model": "app.move", "pk": 504}, {"fields": {"card": 37, "from_position": 49, "to_position": 54, "date": "2015-06-10T18:09:44Z", "user": 29, "is_legal": true, "description": ""}, "model": "app.move", "pk": 505}, {"fields": {"card": 37, "from_position": 53, "to_position": 49, "date": "2015-06-10T18:09:44Z", "user": 29, "is_legal": true, "description": ""}, "model": "app.move", "pk": 506}, {"fields": {"card": 37, "from_position": 54, "to_position": 55, "date": "2015-06-10T18:09:45Z", "user": 29, "is_legal": true, "description": ""}, "model": "app.move", "pk": 507}, {"fields": {"card": 37, "from_position": 49, "to_position": 55, "date": "2015-06-10T18:09:45Z", "user": 29, "is_legal": true, "description": ""}, "model": "app.move", "pk": 508}, {"fields": {"card": 37, "from_position": 54, "to_position": 49, "date": "2015-06-10T18:09:45Z", "user": 29, "is_legal": true, "description": ""}, "model": "app.move", "pk": 509}, {"fields": {"card": 37, "from_position": 55, "to_position": 56, "date": "2015-06-10T18:09:50Z", "user": 29, "is_legal": true, "description": ""}, "model": "app.move", "pk": 510}, {"fields": {"card": 37, "from_position": 49, "to_position": 56, "date": "2015-06-10T18:09:50Z", "user": 29, "is_legal": true, "description": ""}, "model": "app.move", "pk": 511}, {"fields": {"card": 37, "from_position": 55, "to_position": 49, "date": "2015-06-10T18:09:50Z", "user": 29, "is_legal": true, "description": ""}, "model": "app.move", "pk": 512}, {"fields": {"card": 37, "from_position": 56, "to_position": 57, "date": "2015-06-10T18:09:51Z", "user": 29, "is_legal": true, "description": ""}, "model": "app.move", "pk": 513}, {"fields": {"card": 37, "from_position": 49, "to_position": 57, "date": "2015-06-10T18:09:51Z", "user": 29, "is_legal": true, "description": ""}, "model": "app.move", "pk": 514}, {"fields": {"card": 37, "from_position": 56, "to_position": 49, "date": "2015-06-10T18:09:51Z", "user": 29, "is_legal": true, "description": ""}, "model": "app.move", "pk": 515}, {"fields": {"card": 37, "from_position": 57, "to_position": 50, "date": "2015-06-10T18:09:52Z", "user": 29, "is_legal": true, "description": ""}, "model": "app.move", "pk": 516}, {"fields": {"card": 37, "from_position": 49, "to_position": 50, "date": "2015-06-10T18:09:52Z", "user": 29, "is_legal": true, "description": ""}, "model": "app.move", "pk": 517}, {"fields": {"card": 36, "from_position": 50, "to_position": 51, "date": "2015-06-10T18:17:21Z", "user": 30, "is_legal": true, "description": ""}, "model": "app.move", "pk": 518}, {"fields": {"card": 37, "from_position": 50, "to_position": 51, "date": "2015-06-10T18:17:22Z", "user": 30, "is_legal": true, "description": ""}, "model": "app.move", "pk": 519}, {"fields": {"card": 36, "from_position": 51, "to_position": 52, "date": "2015-06-10T18:17:45Z", "user": 30, "is_legal": true, "description": ""}, "model": "app.move", "pk": 520}, {"fields": {"card": 37, "from_position": 51, "to_position": 48, "date": "2015-06-10T18:17:51Z", "user": 30, "is_legal": true, "description": ""}, "model": "app.move", "pk": 521}, {"fields": {"card": 37, "from_position": 48, "to_position": 53, "date": "2015-06-10T18:19:14Z", "user": 28, "is_legal": true, "description": ""}, "model": "app.move", "pk": 522}, {"fields": {"card": 37, "from_position": 48, "to_position": 49, "date": "2015-06-10T18:19:14Z", "user": 28, "is_legal": true, "description": ""}, "model": "app.move", "pk": 523}, {"fields": {"card": 37, "from_position": 53, "to_position": 48, "date": "2015-06-10T18:19:15Z", "user": 28, "is_legal": true, "description": ""}, "model": "app.move", "pk": 524}, {"fields": {"card": 37, "from_position": 49, "to_position": 48, "date": "2015-06-10T18:19:15Z", "user": 28, "is_legal": true, "description": ""}, "model": "app.move", "pk": 525}, {"fields": {"card": 38, "from_position": 47, "to_position": 48, "date": "2015-06-10T18:23:16Z", "user": 28, "is_legal": false, "description": ""}, "model": "app.move", "pk": 526}, {"fields": {"card": 37, "from_position": 48, "to_position": 53, "date": "2015-06-10T18:25:13Z", "user": 28, "is_legal": true, "description": ""}, "model": "app.move", "pk": 527}, {"fields": {"card": 37, "from_position": 48, "to_position": 49, "date": "2015-06-10T18:25:13Z", "user": 28, "is_legal": true, "description": ""}, "model": "app.move", "pk": 528}, {"fields": {"card": 37, "from_position": 53, "to_position": 54, "date": "2015-06-10T18:25:14Z", "user": 28, "is_legal": true, "description": ""}, "model": "app.move", "pk": 529}, {"fields": {"card": 37, "from_position": 49, "to_position": 54, "date": "2015-06-10T18:25:14Z", "user": 28, "is_legal": true, "description": ""}, "model": "app.move", "pk": 530}, {"fields": {"card": 37, "from_position": 53, "to_position": 49, "date": "2015-06-10T18:25:14Z", "user": 28, "is_legal": true, "description": ""}, "model": "app.move", "pk": 531}, {"fields": {"card": 37, "from_position": 54, "to_position": 55, "date": "2015-06-10T18:25:14Z", "user": 28, "is_legal": true, "description": ""}, "model": "app.move", "pk": 532}, {"fields": {"card": 37, "from_position": 49, "to_position": 55, "date": "2015-06-10T18:25:14Z", "user": 28, "is_legal": true, "description": ""}, "model": "app.move", "pk": 533}, {"fields": {"card": 37, "from_position": 54, "to_position": 49, "date": "2015-06-10T18:25:14Z", "user": 28, "is_legal": true, "description": ""}, "model": "app.move", "pk": 534}, {"fields": {"card": 37, "from_position": 55, "to_position": 56, "date": "2015-06-10T18:25:15Z", "user": 28, "is_legal": true, "description": ""}, "model": "app.move", "pk": 535}, {"fields": {"card": 37, "from_position": 49, "to_position": 56, "date": "2015-06-10T18:25:15Z", "user": 28, "is_legal": true, "description": ""}, "model": "app.move", "pk": 536}, {"fields": {"card": 37, "from_position": 55, "to_position": 49, "date": "2015-06-10T18:25:15Z", "user": 28, "is_legal": true, "description": ""}, "model": "app.move", "pk": 537}, {"fields": {"card": 37, "from_position": 56, "to_position": 57, "date": "2015-06-10T18:25:18Z", "user": 28, "is_legal": true, "description": ""}, "model": "app.move", "pk": 538}, {"fields": {"card": 37, "from_position": 49, "to_position": 57, "date": "2015-06-10T18:25:18Z", "user": 28, "is_legal": true, "description": ""}, "model": "app.move", "pk": 539}, {"fields": {"card": 37, "from_position": 56, "to_position": 49, "date": "2015-06-10T18:25:18Z", "user": 28, "is_legal": true, "description": ""}, "model": "app.move", "pk": 540}, {"fields": {"card": 37, "from_position": 57, "to_position": 50, "date": "2015-06-10T18:25:19Z", "user": 28, "is_legal": true, "description": ""}, "model": "app.move", "pk": 541}, {"fields": {"card": 37, "from_position": 49, "to_position": 50, "date": "2015-06-10T18:25:19Z", "user": 28, "is_legal": true, "description": ""}, "model": "app.move", "pk": 542}, {"fields": {"card": 37, "from_position": 50, "to_position": 51, "date": "2015-06-10T18:25:19Z", "user": 28, "is_legal": true, "description": ""}, "model": "app.move", "pk": 543}, {"fields": {"card": 37, "from_position": 51, "to_position": 52, "date": "2015-06-10T18:25:20Z", "user": 28, "is_legal": true, "description": ""}, "model": "app.move", "pk": 544}, {"fields": {"action_flag": 1, "change_message": "", "object_id": "6", "user": 5, "object_repr": "rok", "content_type": 4, "action_time": "2015-04-13T00:25:00Z"}, "model": "admin.logentry", "pk": 21}, {"fields": {"action_flag": 1, "change_message": "", "object_id": "7", "user": 5, "object_repr": "luka", "content_type": 4, "action_time": "2015-04-13T00:25:08Z"}, "model": "admin.logentry", "pk": 22}, {"fields": {"action_flag": 1, "change_message": "", "object_id": "8", "user": 5, "object_repr": "tone", "content_type": 4, "action_time": "2015-04-13T00:25:17Z"}, "model": "admin.logentry", "pk": 23}, {"fields": {"action_flag": 2, "change_message": "Changed first_name, last_name and email.", "object_id": "7", "user": 5, "object_repr": "luka", "content_type": 4, "action_time": "2015-04-13T00:25:38Z"}, "model": "admin.logentry", "pk": 24}, {"fields": {"action_flag": 1, "change_message": "", "object_id": "4", "user": 5, "object_repr": "ScrumMaster", "content_type": 3, "action_time": "2015-04-13T00:25:50Z"}, "model": "admin.logentry", "pk": 25}, {"fields": {"action_flag": 1, "change_message": "", "object_id": "5", "user": 5, "object_repr": "ProductOwner", "content_type": 3, "action_time": "2015-04-13T00:25:57Z"}, "model": "admin.logentry", "pk": 26}, {"fields": {"action_flag": 1, "change_message": "", "object_id": "6", "user": 5, "object_repr": "TeamMember", "content_type": 3, "action_time": "2015-04-13T00:26:05Z"}, "model": "admin.logentry", "pk": 27}, {"fields": {"action_flag": 2, "change_message": "Changed groups.", "object_id": "7", "user": 5, "object_repr": "luka", "content_type": 4, "action_time": "2015-04-13T00:26:22Z"}, "model": "admin.logentry", "pk": 28}, {"fields": {"action_flag": 2, "change_message": "Changed first_name, last_name, email and groups.", "object_id": "6", "user": 5, "object_repr": "rok", "content_type": 4, "action_time": "2015-04-13T00:26:41Z"}, "model": "admin.logentry", "pk": 29}, {"fields": {"action_flag": 2, "change_message": "Changed first_name, last_name, email and groups.", "object_id": "8", "user": 5, "object_repr": "tone", "content_type": 4, "action_time": "2015-04-13T00:27:02Z"}, "model": "admin.logentry", "pk": 30}, {"fields": {"action_flag": 1, "change_message": "", "object_id": "7", "user": 5, "object_repr": "Admin", "content_type": 3, "action_time": "2015-05-26T16:12:44Z"}, "model": "admin.logentry", "pk": 31}, {"fields": {"action_flag": 2, "change_message": "Changed groups.", "object_id": "5", "user": 5, "object_repr": "admin", "content_type": 4, "action_time": "2015-05-26T16:12:59Z"}, "model": "admin.logentry", "pk": 32}, {"fields": {"action_flag": 3, "change_message": "", "object_id": "7", "user": 5, "object_repr": "Admin", "content_type": 3, "action_time": "2015-06-07T23:31:02Z"}, "model": "admin.logentry", "pk": 33}, {"fields": {"action_flag": 3, "change_message": "", "object_id": "10", "user": 5, "object_repr": "asdfsadf@adsasd.sd", "content_type": 4, "action_time": "2015-06-07T23:32:02Z"}, "model": "admin.logentry", "pk": 34}, {"fields": {"action_flag": 3, "change_message": "", "object_id": "1", "user": 5, "object_repr": "klemen", "content_type": 4, "action_time": "2015-06-07T23:32:02Z"}, "model": "admin.logentry", "pk": 35}, {"fields": {"action_flag": 3, "change_message": "", "object_id": "7", "user": 5, "object_repr": "luka", "content_type": 4, "action_time": "2015-06-07T23:32:02Z"}, "model": "admin.logentry", "pk": 36}, {"fields": {"action_flag": 3, "change_message": "", "object_id": "12", "user": 5, "object_repr": "m@m.com", "content_type": 4, "action_time": "2015-06-07T23:32:02Z"}, "model": "admin.logentry", "pk": 37}, {"fields": {"action_flag": 3, "change_message": "", "object_id": "15", "user": 5, "object_repr": "m@m.comm", "content_type": 4, "action_time": "2015-06-07T23:32:02Z"}, "model": "admin.logentry", "pk": 38}, {"fields": {"action_flag": 3, "change_message": "", "object_id": "14", "user": 5, "object_repr": "m@mm.com", "content_type": 4, "action_time": "2015-06-07T23:32:02Z"}, "model": "admin.logentry", "pk": 39}, {"fields": {"action_flag": 3, "change_message": "", "object_id": "11", "user": 5, "object_repr": "manca.zerovnik3@gmail.com", "content_type": 4, "action_time": "2015-06-07T23:32:02Z"}, "model": "admin.logentry", "pk": 40}, {"fields": {"action_flag": 3, "change_message": "", "object_id": "6", "user": 5, "object_repr": "rok@rupnik.com", "content_type": 4, "action_time": "2015-06-07T23:32:02Z"}, "model": "admin.logentry", "pk": 41}, {"fields": {"action_flag": 3, "change_message": "", "object_id": "9", "user": 5, "object_repr": "Test@test.si", "content_type": 4, "action_time": "2015-06-07T23:32:02Z"}, "model": "admin.logentry", "pk": 42}, {"fields": {"action_flag": 3, "change_message": "", "object_id": "13", "user": 5, "object_repr": "test1@test.si", "content_type": 4, "action_time": "2015-06-07T23:32:02Z"}, "model": "admin.logentry", "pk": 43}, {"fields": {"action_flag": 3, "change_message": "", "object_id": "23", "user": 5, "object_repr": "test10@test.si", "content_type": 4, "action_time": "2015-06-07T23:32:02Z"}, "model": "admin.logentry", "pk": 44}, {"fields": {"action_flag": 3, "change_message": "", "object_id": "16", "user": 5, "object_repr": "test5@test.si", "content_type": 4, "action_time": "2015-06-07T23:32:02Z"}, "model": "admin.logentry", "pk": 45}, {"fields": {"action_flag": 3, "change_message": "", "object_id": "17", "user": 5, "object_repr": "test6@test.si", "content_type": 4, "action_time": "2015-06-07T23:32:02Z"}, "model": "admin.logentry", "pk": 46}, {"fields": {"action_flag": 3, "change_message": "", "object_id": "8", "user": 5, "object_repr": "tone", "content_type": 4, "action_time": "2015-06-07T23:32:02Z"}, "model": "admin.logentry", "pk": 47}, {"fields": {"action_flag": 3, "change_message": "", "object_id": "9", "user": 5, "object_repr": "Team object", "content_type": 8, "action_time": "2015-06-07T23:33:37Z"}, "model": "admin.logentry", "pk": 48}, {"fields": {"action_flag": 3, "change_message": "", "object_id": "8", "user": 5, "object_repr": "Team object", "content_type": 8, "action_time": "2015-06-07T23:33:50Z"}, "model": "admin.logentry", "pk": 49}, {"fields": {"action_flag": 3, "change_message": "", "object_id": "7", "user": 5, "object_repr": "Team object", "content_type": 8, "action_time": "2015-06-07T23:33:55Z"}, "model": "admin.logentry", "pk": 50}, {"fields": {"action_flag": 3, "change_message": "", "object_id": "4", "user": 5, "object_repr": "Team object", "content_type": 8, "action_time": "2015-06-07T23:34:06Z"}, "model": "admin.logentry", "pk": 51}, {"fields": {"action_flag": 3, "change_message": "", "object_id": "2", "user": 5, "object_repr": "Team object", "content_type": 8, "action_time": "2015-06-07T23:34:10Z"}, "model": "admin.logentry", "pk": 52}, {"fields": {"action_flag": 3, "change_message": "", "object_id": "5", "user": 5, "object_repr": "Card object", "content_type": 14, "action_time": "2015-06-09T23:31:41Z"}, "model": "admin.logentry", "pk": 53}, {"fields": {"action_flag": 3, "change_message": "", "object_id": "4", "user": 5, "object_repr": "Card object", "content_type": 14, "action_time": "2015-06-09T23:31:41Z"}, "model": "admin.logentry", "pk": 54}, {"fields": {"action_flag": 3, "change_message": "", "object_id": "5", "user": 5, "object_repr": "Card object", "content_type": 14, "action_time": "2015-06-09T23:31:41Z"}, "model": "admin.logentry", "pk": 55}, {"fields": {"action_flag": 3, "change_message": "", "object_id": "3", "user": 5, "object_repr": "Card object", "content_type": 14, "action_time": "2015-06-09T23:31:41Z"}, "model": "admin.logentry", "pk": 56}, {"fields": {"action_flag": 3, "change_message": "", "object_id": "4", "user": 5, "object_repr": "Card object", "content_type": 14, "action_time": "2015-06-09T23:31:41Z"}, "model": "admin.logentry", "pk": 57}, {"fields": {"action_flag": 3, "change_message": "", "object_id": "2", "user": 5, "object_repr": "Card object", "content_type": 14, "action_time": "2015-06-09T23:31:41Z"}, "model": "admin.logentry", "pk": 58}, {"fields": {"action_flag": 3, "change_message": "", "object_id": "3", "user": 5, "object_repr": "Card object", "content_type": 14, "action_time": "2015-06-09T23:31:41Z"}, "model": "admin.logentry", "pk": 59}, {"fields": {"action_flag": 3, "change_message": "", "object_id": "1", "user": 5, "object_repr": "Card object", "content_type": 14, "action_time": "2015-06-09T23:31:41Z"}, "model": "admin.logentry", "pk": 60}, {"fields": {"action_flag": 3, "change_message": "", "object_id": "2", "user": 5, "object_repr": "Card object", "content_type": 14, "action_time": "2015-06-09T23:31:41Z"}, "model": "admin.logentry", "pk": 61}, {"fields": {"action_flag": 3, "change_message": "", "object_id": "1", "user": 5, "object_repr": "Card object", "content_type": 14, "action_time": "2015-06-09T23:31:41Z"}, "model": "admin.logentry", "pk": 62}, {"fields": {"action_flag": 2, "change_message": "Changed description.", "object_id": "41", "user": 5, "object_repr": "Move object", "content_type": 15, "action_time": "2015-06-09T23:33:48Z"}, "model": "admin.logentry", "pk": 63}, {"fields": {"action_flag": 2, "change_message": "Changed date and description.", "object_id": "40", "user": 5, "object_repr": "Move object", "content_type": 15, "action_time": "2015-06-09T23:33:55Z"}, "model": "admin.logentry", "pk": 64}, {"fields": {"action_flag": 2, "change_message": "Changed date.", "object_id": "40", "user": 5, "object_repr": "Move object", "content_type": 15, "action_time": "2015-06-09T23:35:47Z"}, "model": "admin.logentry", "pk": 65}, {"fields": {"action_flag": 3, "change_message": "", "object_id": "64", "user": 5, "object_repr": "Move object", "content_type": 15, "action_time": "2015-06-10T10:17:58Z"}, "model": "admin.logentry", "pk": 66}, {"fields": {"action_flag": 3, "change_message": "", "object_id": "63", "user": 5, "object_repr": "Move object", "content_type": 15, "action_time": "2015-06-10T10:17:58Z"}, "model": "admin.logentry", "pk": 67}, {"fields": {"action_flag": 3, "change_message": "", "object_id": "62", "user": 5, "object_repr": "Move object", "content_type": 15, "action_time": "2015-06-10T10:17:58Z"}, "model": "admin.logentry", "pk": 68}, {"fields": {"action_flag": 3, "change_message": "", "object_id": "61", "user": 5, "object_repr": "Move object", "content_type": 15, "action_time": "2015-06-10T10:17:58Z"}, "model": "admin.logentry", "pk": 69}, {"fields": {"action_flag": 3, "change_message": "", "object_id": "60", "user": 5, "object_repr": "Move object", "content_type": 15, "action_time": "2015-06-10T10:17:58Z"}, "model": "admin.logentry", "pk": 70}, {"fields": {"action_flag": 3, "change_message": "", "object_id": "59", "user": 5, "object_repr": "Move object", "content_type": 15, "action_time": "2015-06-10T10:17:58Z"}, "model": "admin.logentry", "pk": 71}, {"fields": {"action_flag": 3, "change_message": "", "object_id": "58", "user": 5, "object_repr": "Move object", "content_type": 15, "action_time": "2015-06-10T10:17:58Z"}, "model": "admin.logentry", "pk": 72}, {"fields": {"action_flag": 3, "change_message": "", "object_id": "57", "user": 5, "object_repr": "Move object", "content_type": 15, "action_time": "2015-06-10T10:17:58Z"}, "model": "admin.logentry", "pk": 73}, {"fields": {"action_flag": 3, "change_message": "", "object_id": "56", "user": 5, "object_repr": "Move object", "content_type": 15, "action_time": "2015-06-10T10:17:58Z"}, "model": "admin.logentry", "pk": 74}, {"fields": {"action_flag": 3, "change_message": "", "object_id": "55", "user": 5, "object_repr": "Move object", "content_type": 15, "action_time": "2015-06-10T10:17:59Z"}, "model": "admin.logentry", "pk": 75}, {"fields": {"action_flag": 3, "change_message": "", "object_id": "54", "user": 5, "object_repr": "Move object", "content_type": 15, "action_time": "2015-06-10T10:17:59Z"}, "model": "admin.logentry", "pk": 76}, {"fields": {"action_flag": 3, "change_message": "", "object_id": "53", "user": 5, "object_repr": "Move object", "content_type": 15, "action_time": "2015-06-10T10:17:59Z"}, "model": "admin.logentry", "pk": 77}, {"fields": {"action_flag": 3, "change_message": "", "object_id": "52", "user": 5, "object_repr": "Move object", "content_type": 15, "action_time": "2015-06-10T10:17:59Z"}, "model": "admin.logentry", "pk": 78}, {"fields": {"action_flag": 3, "change_message": "", "object_id": "51", "user": 5, "object_repr": "Move object", "content_type": 15, "action_time": "2015-06-10T10:17:59Z"}, "model": "admin.logentry", "pk": 79}, {"fields": {"action_flag": 3, "change_message": "", "object_id": "50", "user": 5, "object_repr": "Move object", "content_type": 15, "action_time": "2015-06-10T10:17:59Z"}, "model": "admin.logentry", "pk": 80}, {"fields": {"action_flag": 3, "change_message": "", "object_id": "49", "user": 5, "object_repr": "Move object", "content_type": 15, "action_time": "2015-06-10T10:17:59Z"}, "model": "admin.logentry", "pk": 81}, {"fields": {"action_flag": 3, "change_message": "", "object_id": "48", "user": 5, "object_repr": "Move object", "content_type": 15, "action_time": "2015-06-10T10:17:59Z"}, "model": "admin.logentry", "pk": 82}, {"fields": {"action_flag": 3, "change_message": "", "object_id": "47", "user": 5, "object_repr": "Move object", "content_type": 15, "action_time": "2015-06-10T10:17:59Z"}, "model": "admin.logentry", "pk": 83}, {"fields": {"action_flag": 3, "change_message": "", "object_id": "46", "user": 5, "object_repr": "Move object", "content_type": 15, "action_time": "2015-06-10T10:17:59Z"}, "model": "admin.logentry", "pk": 84}, {"fields": {"action_flag": 3, "change_message": "", "object_id": "45", "user": 5, "object_repr": "Move object", "content_type": 15, "action_time": "2015-06-10T10:17:59Z"}, "model": "admin.logentry", "pk": 85}, {"fields": {"action_flag": 3, "change_message": "", "object_id": "44", "user": 5, "object_repr": "Move object", "content_type": 15, "action_time": "2015-06-10T10:17:59Z"}, "model": "admin.logentry", "pk": 86}, {"fields": {"action_flag": 3, "change_message": "", "object_id": "43", "user": 5, "object_repr": "Move object", "content_type": 15, "action_time": "2015-06-10T10:17:59Z"}, "model": "admin.logentry", "pk": 87}, {"fields": {"action_flag": 3, "change_message": "", "object_id": "42", "user": 5, "object_repr": "Move object", "content_type": 15, "action_time": "2015-06-10T10:17:59Z"}, "model": "admin.logentry", "pk": 88}, {"fields": {"action_flag": 3, "change_message": "", "object_id": "41", "user": 5, "object_repr": "Move object", "content_type": 15, "action_time": "2015-06-10T10:17:59Z"}, "model": "admin.logentry", "pk": 89}, {"fields": {"action_flag": 3, "change_message": "", "object_id": "40", "user": 5, "object_repr": "Move object", "content_type": 15, "action_time": "2015-06-10T10:17:59Z"}, "model": "admin.logentry", "pk": 90}, {"fields": {"action_flag": 3, "change_message": "", "object_id": "39", "user": 5, "object_repr": "Move object", "content_type": 15, "action_time": "2015-06-10T10:17:59Z"}, "model": "admin.logentry", "pk": 91}, {"fields": {"action_flag": 3, "change_message": "", "object_id": "88", "user": 5, "object_repr": "Move object", "content_type": 15, "action_time": "2015-06-10T10:19:06Z"}, "model": "admin.logentry", "pk": 92}, {"fields": {"action_flag": 3, "change_message": "", "object_id": "87", "user": 5, "object_repr": "Move object", "content_type": 15, "action_time": "2015-06-10T10:19:06Z"}, "model": "admin.logentry", "pk": 93}, {"fields": {"action_flag": 3, "change_message": "", "object_id": "86", "user": 5, "object_repr": "Move object", "content_type": 15, "action_time": "2015-06-10T10:19:06Z"}, "model": "admin.logentry", "pk": 94}, {"fields": {"action_flag": 3, "change_message": "", "object_id": "85", "user": 5, "object_repr": "Move object", "content_type": 15, "action_time": "2015-06-10T10:19:06Z"}, "model": "admin.logentry", "pk": 95}, {"fields": {"action_flag": 3, "change_message": "", "object_id": "84", "user": 5, "object_repr": "Move object", "content_type": 15, "action_time": "2015-06-10T10:19:07Z"}, "model": "admin.logentry", "pk": 96}, {"fields": {"action_flag": 3, "change_message": "", "object_id": "83", "user": 5, "object_repr": "Move object", "content_type": 15, "action_time": "2015-06-10T10:19:07Z"}, "model": "admin.logentry", "pk": 97}, {"fields": {"action_flag": 3, "change_message": "", "object_id": "82", "user": 5, "object_repr": "Move object", "content_type": 15, "action_time": "2015-06-10T10:19:07Z"}, "model": "admin.logentry", "pk": 98}, {"fields": {"action_flag": 3, "change_message": "", "object_id": "81", "user": 5, "object_repr": "Move object", "content_type": 15, "action_time": "2015-06-10T10:19:07Z"}, "model": "admin.logentry", "pk": 99}, {"fields": {"action_flag": 3, "change_message": "", "object_id": "80", "user": 5, "object_repr": "Move object", "content_type": 15, "action_time": "2015-06-10T10:19:07Z"}, "model": "admin.logentry", "pk": 100}, {"fields": {"action_flag": 3, "change_message": "", "object_id": "79", "user": 5, "object_repr": "Move object", "content_type": 15, "action_time": "2015-06-10T10:19:07Z"}, "model": "admin.logentry", "pk": 101}, {"fields": {"action_flag": 3, "change_message": "", "object_id": "78", "user": 5, "object_repr": "Move object", "content_type": 15, "action_time": "2015-06-10T10:19:07Z"}, "model": "admin.logentry", "pk": 102}, {"fields": {"action_flag": 3, "change_message": "", "object_id": "77", "user": 5, "object_repr": "Move object", "content_type": 15, "action_time": "2015-06-10T10:19:07Z"}, "model": "admin.logentry", "pk": 103}, {"fields": {"action_flag": 3, "change_message": "", "object_id": "76", "user": 5, "object_repr": "Move object", "content_type": 15, "action_time": "2015-06-10T10:19:07Z"}, "model": "admin.logentry", "pk": 104}, {"fields": {"action_flag": 3, "change_message": "", "object_id": "75", "user": 5, "object_repr": "Move object", "content_type": 15, "action_time": "2015-06-10T10:19:07Z"}, "model": "admin.logentry", "pk": 105}, {"fields": {"action_flag": 3, "change_message": "", "object_id": "74", "user": 5, "object_repr": "Move object", "content_type": 15, "action_time": "2015-06-10T10:19:07Z"}, "model": "admin.logentry", "pk": 106}, {"fields": {"action_flag": 3, "change_message": "", "object_id": "73", "user": 5, "object_repr": "Move object", "content_type": 15, "action_time": "2015-06-10T10:19:07Z"}, "model": "admin.logentry", "pk": 107}, {"fields": {"action_flag": 3, "change_message": "", "object_id": "72", "user": 5, "object_repr": "Move object", "content_type": 15, "action_time": "2015-06-10T10:19:07Z"}, "model": "admin.logentry", "pk": 108}, {"fields": {"action_flag": 3, "change_message": "", "object_id": "71", "user": 5, "object_repr": "Move object", "content_type": 15, "action_time": "2015-06-10T10:19:07Z"}, "model": "admin.logentry", "pk": 109}, {"fields": {"action_flag": 3, "change_message": "", "object_id": "70", "user": 5, "object_repr": "Move object", "content_type": 15, "action_time": "2015-06-10T10:19:07Z"}, "model": "admin.logentry", "pk": 110}, {"fields": {"action_flag": 3, "change_message": "", "object_id": "69", "user": 5, "object_repr": "Move object", "content_type": 15, "action_time": "2015-06-10T10:19:07Z"}, "model": "admin.logentry", "pk": 111}, {"fields": {"action_flag": 3, "change_message": "", "object_id": "68", "user": 5, "object_repr": "Move object", "content_type": 15, "action_time": "2015-06-10T10:19:07Z"}, "model": "admin.logentry", "pk": 112}, {"fields": {"action_flag": 3, "change_message": "", "object_id": "67", "user": 5, "object_repr": "Move object", "content_type": 15, "action_time": "2015-06-10T10:19:08Z"}, "model": "admin.logentry", "pk": 113}, {"fields": {"action_flag": 3, "change_message": "", "object_id": "66", "user": 5, "object_repr": "Move object", "content_type": 15, "action_time": "2015-06-10T10:19:08Z"}, "model": "admin.logentry", "pk": 114}, {"fields": {"action_flag": 3, "change_message": "", "object_id": "65", "user": 5, "object_repr": "Move object", "content_type": 15, "action_time": "2015-06-10T10:19:08Z"}, "model": "admin.logentry", "pk": 115}, {"fields": {"action_flag": 3, "change_message": "", "object_id": "96", "user": 5, "object_repr": "Move object", "content_type": 15, "action_time": "2015-06-10T10:24:21Z"}, "model": "admin.logentry", "pk": 116}, {"fields": {"action_flag": 3, "change_message": "", "object_id": "95", "user": 5, "object_repr": "Move object", "content_type": 15, "action_time": "2015-06-10T10:24:21Z"}, "model": "admin.logentry", "pk": 117}, {"fields": {"action_flag": 3, "change_message": "", "object_id": "94", "user": 5, "object_repr": "Move object", "content_type": 15, "action_time": "2015-06-10T10:24:21Z"}, "model": "admin.logentry", "pk": 118}, {"fields": {"action_flag": 3, "change_message": "", "object_id": "93", "user": 5, "object_repr": "Move object", "content_type": 15, "action_time": "2015-06-10T10:24:21Z"}, "model": "admin.logentry", "pk": 119}, {"fields": {"action_flag": 3, "change_message": "", "object_id": "92", "user": 5, "object_repr": "Move object", "content_type": 15, "action_time": "2015-06-10T10:24:21Z"}, "model": "admin.logentry", "pk": 120}, {"fields": {"action_flag": 3, "change_message": "", "object_id": "90", "user": 5, "object_repr": "Move object", "content_type": 15, "action_time": "2015-06-10T10:24:21Z"}, "model": "admin.logentry", "pk": 121}, {"fields": {"action_flag": 2, "change_message": "Changed date and description.", "object_id": "120", "user": 5, "object_repr": "Move object", "content_type": 15, "action_time": "2015-06-10T10:29:28Z"}, "model": "admin.logentry", "pk": 122}, {"fields": {"action_flag": 2, "change_message": "Changed date and description.", "object_id": "119", "user": 5, "object_repr": "Move object", "content_type": 15, "action_time": "2015-06-10T10:29:45Z"}, "model": "admin.logentry", "pk": 123}, {"fields": {"action_flag": 2, "change_message": "Changed date and description.", "object_id": "118", "user": 5, "object_repr": "Move object", "content_type": 15, "action_time": "2015-06-10T10:29:53Z"}, "model": "admin.logentry", "pk": 124}, {"fields": {"action_flag": 2, "change_message": "Changed date and description.", "object_id": "117", "user": 5, "object_repr": "Move object", "content_type": 15, "action_time": "2015-06-10T10:30:37Z"}, "model": "admin.logentry", "pk": 125}, {"fields": {"action_flag": 2, "change_message": "Changed date and description.", "object_id": "116", "user": 5, "object_repr": "Move object", "content_type": 15, "action_time": "2015-06-10T10:30:51Z"}, "model": "admin.logentry", "pk": 126}, {"fields": {"action_flag": 2, "change_message": "Changed date and description.", "object_id": "115", "user": 5, "object_repr": "Move object", "content_type": 15, "action_time": "2015-06-10T10:30:58Z"}, "model": "admin.logentry", "pk": 127}, {"fields": {"action_flag": 2, "change_message": "Changed date and description.", "object_id": "114", "user": 5, "object_repr": "Move object", "content_type": 15, "action_time": "2015-06-10T10:31:05Z"}, "model": "admin.logentry", "pk": 128}, {"fields": {"action_flag": 2, "change_message": "Changed date and description.", "object_id": "113", "user": 5, "object_repr": "Move object", "content_type": 15, "action_time": "2015-06-10T10:31:13Z"}, "model": "admin.logentry", "pk": 129}, {"fields": {"action_flag": 2, "change_message": "Changed date and description.", "object_id": "112", "user": 5, "object_repr": "Move object", "content_type": 15, "action_time": "2015-06-10T10:31:34Z"}, "model": "admin.logentry", "pk": 130}, {"fields": {"action_flag": 2, "change_message": "Changed date and description.", "object_id": "111", "user": 5, "object_repr": "Move object", "content_type": 15, "action_time": "2015-06-10T10:31:58Z"}, "model": "admin.logentry", "pk": 131}, {"fields": {"action_flag": 2, "change_message": "Changed date and description.", "object_id": "110", "user": 5, "object_repr": "Move object", "content_type": 15, "action_time": "2015-06-10T10:32:05Z"}, "model": "admin.logentry", "pk": 132}, {"fields": {"action_flag": 2, "change_message": "Changed date and description.", "object_id": "109", "user": 5, "object_repr": "Move object", "content_type": 15, "action_time": "2015-06-10T10:32:12Z"}, "model": "admin.logentry", "pk": 133}, {"fields": {"action_flag": 2, "change_message": "Changed date and description.", "object_id": "108", "user": 5, "object_repr": "Move object", "content_type": 15, "action_time": "2015-06-10T10:32:19Z"}, "model": "admin.logentry", "pk": 134}, {"fields": {"action_flag": 2, "change_message": "Changed date and description.", "object_id": "107", "user": 5, "object_repr": "Move object", "content_type": 15, "action_time": "2015-06-10T10:32:26Z"}, "model": "admin.logentry", "pk": 135}, {"fields": {"action_flag": 2, "change_message": "Changed date and description.", "object_id": "106", "user": 5, "object_repr": "Move object", "content_type": 15, "action_time": "2015-06-10T10:32:33Z"}, "model": "admin.logentry", "pk": 136}, {"fields": {"action_flag": 2, "change_message": "Changed date and description.", "object_id": "105", "user": 5, "object_repr": "Move object", "content_type": 15, "action_time": "2015-06-10T10:32:39Z"}, "model": "admin.logentry", "pk": 137}, {"fields": {"action_flag": 2, "change_message": "Changed date and description.", "object_id": "104", "user": 5, "object_repr": "Move object", "content_type": 15, "action_time": "2015-06-10T10:32:45Z"}, "model": "admin.logentry", "pk": 138}, {"fields": {"action_flag": 2, "change_message": "Changed date and description.", "object_id": "103", "user": 5, "object_repr": "Move object", "content_type": 15, "action_time": "2015-06-10T10:32:52Z"}, "model": "admin.logentry", "pk": 139}, {"fields": {"action_flag": 2, "change_message": "Changed date and description.", "object_id": "102", "user": 5, "object_repr": "Move object", "content_type": 15, "action_time": "2015-06-10T10:32:58Z"}, "model": "admin.logentry", "pk": 140}, {"fields": {"action_flag": 2, "change_message": "Changed date and description.", "object_id": "101", "user": 5, "object_repr": "Move object", "content_type": 15, "action_time": "2015-06-10T10:33:05Z"}, "model": "admin.logentry", "pk": 141}, {"fields": {"action_flag": 2, "change_message": "Changed date and description.", "object_id": "100", "user": 5, "object_repr": "Move object", "content_type": 15, "action_time": "2015-06-10T10:33:11Z"}, "model": "admin.logentry", "pk": 142}, {"fields": {"action_flag": 2, "change_message": "Changed date and description.", "object_id": "99", "user": 5, "object_repr": "Move object", "content_type": 15, "action_time": "2015-06-10T10:33:18Z"}, "model": "admin.logentry", "pk": 143}, {"fields": {"action_flag": 2, "change_message": "Changed date and description.", "object_id": "98", "user": 5, "object_repr": "Move object", "content_type": 15, "action_time": "2015-06-10T10:33:25Z"}, "model": "admin.logentry", "pk": 144}, {"fields": {"action_flag": 2, "change_message": "Changed date and description.", "object_id": "97", "user": 5, "object_repr": "Move object", "content_type": 15, "action_time": "2015-06-10T10:33:31Z"}, "model": "admin.logentry", "pk": 145}, {"fields": {"action_flag": 2, "change_message": "Changed date and description.", "object_id": "121", "user": 5, "object_repr": "Move object", "content_type": 15, "action_time": "2015-06-10T10:47:12Z"}, "model": "admin.logentry", "pk": 146}, {"fields": {"action_flag": 2, "change_message": "Changed date and description.", "object_id": "122", "user": 5, "object_repr": "Move object", "content_type": 15, "action_time": "2015-06-10T10:47:19Z"}, "model": "admin.logentry", "pk": 147}, {"fields": {"action_flag": 2, "change_message": "Changed date and description.", "object_id": "123", "user": 5, "object_repr": "Move object", "content_type": 15, "action_time": "2015-06-10T10:47:42Z"}, "model": "admin.logentry", "pk": 148}, {"fields": {"action_flag": 2, "change_message": "Changed date and description.", "object_id": "124", "user": 5, "object_repr": "Move object", "content_type": 15, "action_time": "2015-06-10T10:47:53Z"}, "model": "admin.logentry", "pk": 149}, {"fields": {"action_flag": 2, "change_message": "Changed date and description.", "object_id": "125", "user": 5, "object_repr": "Move object", "content_type": 15, "action_time": "2015-06-10T10:48:05Z"}, "model": "admin.logentry", "pk": 150}, {"fields": {"action_flag": 2, "change_message": "Changed date and description.", "object_id": "126", "user": 5, "object_repr": "Move object", "content_type": 15, "action_time": "2015-06-10T10:48:14Z"}, "model": "admin.logentry", "pk": 151}, {"fields": {"action_flag": 2, "change_message": "Changed date and description.", "object_id": "127", "user": 5, "object_repr": "Move object", "content_type": 15, "action_time": "2015-06-10T10:48:20Z"}, "model": "admin.logentry", "pk": 152}, {"fields": {"action_flag": 2, "change_message": "Changed date and description.", "object_id": "128", "user": 5, "object_repr": "Move object", "content_type": 15, "action_time": "2015-06-10T10:48:29Z"}, "model": "admin.logentry", "pk": 153}, {"fields": {"action_flag": 2, "change_message": "Changed date and description.", "object_id": "129", "user": 5, "object_repr": "Move object", "content_type": 15, "action_time": "2015-06-10T10:48:36Z"}, "model": "admin.logentry", "pk": 154}, {"fields": {"action_flag": 2, "change_message": "Changed date and description.", "object_id": "130", "user": 5, "object_repr": "Move object", "content_type": 15, "action_time": "2015-06-10T10:48:43Z"}, "model": "admin.logentry", "pk": 155}, {"fields": {"action_flag": 2, "change_message": "Changed date and description.", "object_id": "131", "user": 5, "object_repr": "Move object", "content_type": 15, "action_time": "2015-06-10T10:48:49Z"}, "model": "admin.logentry", "pk": 156}, {"fields": {"action_flag": 2, "change_message": "Changed date and description.", "object_id": "132", "user": 5, "object_repr": "Move object", "content_type": 15, "action_time": "2015-06-10T10:48:54Z"}, "model": "admin.logentry", "pk": 157}, {"fields": {"action_flag": 2, "change_message": "Changed date and description.", "object_id": "133", "user": 5, "object_repr": "Move object", "content_type": 15, "action_time": "2015-06-10T10:49:01Z"}, "model": "admin.logentry", "pk": 158}, {"fields": {"action_flag": 2, "change_message": "Changed date and description.", "object_id": "134", "user": 5, "object_repr": "Move object", "content_type": 15, "action_time": "2015-06-10T10:49:07Z"}, "model": "admin.logentry", "pk": 159}, {"fields": {"action_flag": 2, "change_message": "Changed date and description.", "object_id": "135", "user": 5, "object_repr": "Move object", "content_type": 15, "action_time": "2015-06-10T10:49:13Z"}, "model": "admin.logentry", "pk": 160}, {"fields": {"action_flag": 2, "change_message": "Changed date and description.", "object_id": "136", "user": 5, "object_repr": "Move object", "content_type": 15, "action_time": "2015-06-10T10:49:19Z"}, "model": "admin.logentry", "pk": 161}, {"fields": {"action_flag": 2, "change_message": "Changed date and description.", "object_id": "137", "user": 5, "object_repr": "Move object", "content_type": 15, "action_time": "2015-06-10T10:49:26Z"}, "model": "admin.logentry", "pk": 162}, {"fields": {"action_flag": 2, "change_message": "Changed date and description.", "object_id": "138", "user": 5, "object_repr": "Move object", "content_type": 15, "action_time": "2015-06-10T10:49:33Z"}, "model": "admin.logentry", "pk": 163}, {"fields": {"action_flag": 2, "change_message": "Changed date and description.", "object_id": "139", "user": 5, "object_repr": "Move object", "content_type": 15, "action_time": "2015-06-10T10:49:39Z"}, "model": "admin.logentry", "pk": 164}, {"fields": {"action_flag": 2, "change_message": "Changed date and description.", "object_id": "140", "user": 5, "object_repr": "Move object", "content_type": 15, "action_time": "2015-06-10T10:49:46Z"}, "model": "admin.logentry", "pk": 165}, {"fields": {"action_flag": 2, "change_message": "Changed date.", "object_id": "97", "user": 5, "object_repr": "Move object", "content_type": 15, "action_time": "2015-06-10T10:53:36Z"}, "model": "admin.logentry", "pk": 166}, {"fields": {"action_flag": 2, "change_message": "Changed date.", "object_id": "98", "user": 5, "object_repr": "Move object", "content_type": 15, "action_time": "2015-06-10T10:53:43Z"}, "model": "admin.logentry", "pk": 167}, {"fields": {"action_flag": 2, "change_message": "Changed date.", "object_id": "99", "user": 5, "object_repr": "Move object", "content_type": 15, "action_time": "2015-06-10T10:53:49Z"}, "model": "admin.logentry", "pk": 168}, {"fields": {"action_flag": 2, "change_message": "Changed date.", "object_id": "100", "user": 5, "object_repr": "Move object", "content_type": 15, "action_time": "2015-06-10T10:53:55Z"}, "model": "admin.logentry", "pk": 169}, {"fields": {"action_flag": 2, "change_message": "Changed date.", "object_id": "101", "user": 5, "object_repr": "Move object", "content_type": 15, "action_time": "2015-06-10T10:54:01Z"}, "model": "admin.logentry", "pk": 170}, {"fields": {"action_flag": 2, "change_message": "No fields changed.", "object_id": "103", "user": 5, "object_repr": "Move object", "content_type": 15, "action_time": "2015-06-10T10:54:08Z"}, "model": "admin.logentry", "pk": 171}, {"fields": {"action_flag": 2, "change_message": "Changed date.", "object_id": "103", "user": 5, "object_repr": "Move object", "content_type": 15, "action_time": "2015-06-10T10:54:19Z"}, "model": "admin.logentry", "pk": 172}, {"fields": {"action_flag": 2, "change_message": "Changed date.", "object_id": "104", "user": 5, "object_repr": "Move object", "content_type": 15, "action_time": "2015-06-10T10:54:26Z"}, "model": "admin.logentry", "pk": 173}, {"fields": {"action_flag": 2, "change_message": "Changed date.", "object_id": "105", "user": 5, "object_repr": "Move object", "content_type": 15, "action_time": "2015-06-10T10:54:33Z"}, "model": "admin.logentry", "pk": 174}, {"fields": {"action_flag": 2, "change_message": "Changed date.", "object_id": "106", "user": 5, "object_repr": "Move object", "content_type": 15, "action_time": "2015-06-10T10:54:38Z"}, "model": "admin.logentry", "pk": 175}, {"fields": {"action_flag": 2, "change_message": "Changed date.", "object_id": "107", "user": 5, "object_repr": "Move object", "content_type": 15, "action_time": "2015-06-10T10:54:50Z"}, "model": "admin.logentry", "pk": 176}, {"fields": {"action_flag": 2, "change_message": "Changed date.", "object_id": "108", "user": 5, "object_repr": "Move object", "content_type": 15, "action_time": "2015-06-10T10:54:56Z"}, "model": "admin.logentry", "pk": 177}, {"fields": {"action_flag": 2, "change_message": "Changed date.", "object_id": "109", "user": 5, "object_repr": "Move object", "content_type": 15, "action_time": "2015-06-10T10:55:02Z"}, "model": "admin.logentry", "pk": 178}, {"fields": {"action_flag": 2, "change_message": "Changed date and description.", "object_id": "152", "user": 5, "object_repr": "Move object", "content_type": 15, "action_time": "2015-06-10T10:56:48Z"}, "model": "admin.logentry", "pk": 179}, {"fields": {"action_flag": 2, "change_message": "Changed date and description.", "object_id": "151", "user": 5, "object_repr": "Move object", "content_type": 15, "action_time": "2015-06-10T10:56:59Z"}, "model": "admin.logentry", "pk": 180}, {"fields": {"action_flag": 2, "change_message": "Changed date and description.", "object_id": "150", "user": 5, "object_repr": "Move object", "content_type": 15, "action_time": "2015-06-10T10:57:08Z"}, "model": "admin.logentry", "pk": 181}, {"fields": {"action_flag": 2, "change_message": "Changed date and description.", "object_id": "149", "user": 5, "object_repr": "Move object", "content_type": 15, "action_time": "2015-06-10T10:57:14Z"}, "model": "admin.logentry", "pk": 182}, {"fields": {"action_flag": 2, "change_message": "Changed date and description.", "object_id": "148", "user": 5, "object_repr": "Move object", "content_type": 15, "action_time": "2015-06-10T10:57:20Z"}, "model": "admin.logentry", "pk": 183}, {"fields": {"action_flag": 2, "change_message": "Changed date and description.", "object_id": "147", "user": 5, "object_repr": "Move object", "content_type": 15, "action_time": "2015-06-10T10:57:27Z"}, "model": "admin.logentry", "pk": 184}, {"fields": {"action_flag": 2, "change_message": "Changed date and description.", "object_id": "146", "user": 5, "object_repr": "Move object", "content_type": 15, "action_time": "2015-06-10T10:57:33Z"}, "model": "admin.logentry", "pk": 185}, {"fields": {"action_flag": 2, "change_message": "Changed date and description.", "object_id": "145", "user": 5, "object_repr": "Move object", "content_type": 15, "action_time": "2015-06-10T10:57:40Z"}, "model": "admin.logentry", "pk": 186}, {"fields": {"action_flag": 2, "change_message": "Changed date and description.", "object_id": "144", "user": 5, "object_repr": "Move object", "content_type": 15, "action_time": "2015-06-10T10:57:50Z"}, "model": "admin.logentry", "pk": 187}, {"fields": {"action_flag": 2, "change_message": "Changed date and description.", "object_id": "143", "user": 5, "object_repr": "Move object", "content_type": 15, "action_time": "2015-06-10T10:58:00Z"}, "model": "admin.logentry", "pk": 188}, {"fields": {"action_flag": 2, "change_message": "Changed date and description.", "object_id": "141", "user": 5, "object_repr": "Move object", "content_type": 15, "action_time": "2015-06-10T10:58:07Z"}, "model": "admin.logentry", "pk": 189}, {"fields": {"action_flag": 2, "change_message": "Changed date and description.", "object_id": "142", "user": 5, "object_repr": "Move object", "content_type": 15, "action_time": "2015-06-10T10:58:16Z"}, "model": "admin.logentry", "pk": 190}, {"fields": {"action_flag": 2, "change_message": "Changed date and description.", "object_id": "182", "user": 5, "object_repr": "Move object", "content_type": 15, "action_time": "2015-06-10T11:01:55Z"}, "model": "admin.logentry", "pk": 191}, {"fields": {"action_flag": 2, "change_message": "Changed date and description.", "object_id": "181", "user": 5, "object_repr": "Move object", "content_type": 15, "action_time": "2015-06-10T11:02:09Z"}, "model": "admin.logentry", "pk": 192}, {"fields": {"action_flag": 2, "change_message": "Changed date and description.", "object_id": "180", "user": 5, "object_repr": "Move object", "content_type": 15, "action_time": "2015-06-10T11:02:17Z"}, "model": "admin.logentry", "pk": 193}, {"fields": {"action_flag": 2, "change_message": "Changed date and description.", "object_id": "179", "user": 5, "object_repr": "Move object", "content_type": 15, "action_time": "2015-06-10T11:02:25Z"}, "model": "admin.logentry", "pk": 194}, {"fields": {"action_flag": 2, "change_message": "Changed date and description.", "object_id": "178", "user": 5, "object_repr": "Move object", "content_type": 15, "action_time": "2015-06-10T11:02:32Z"}, "model": "admin.logentry", "pk": 195}, {"fields": {"action_flag": 2, "change_message": "Changed date and description.", "object_id": "177", "user": 5, "object_repr": "Move object", "content_type": 15, "action_time": "2015-06-10T11:02:42Z"}, "model": "admin.logentry", "pk": 196}, {"fields": {"action_flag": 2, "change_message": "Changed date and description.", "object_id": "176", "user": 5, "object_repr": "Move object", "content_type": 15, "action_time": "2015-06-10T11:02:52Z"}, "model": "admin.logentry", "pk": 197}, {"fields": {"action_flag": 2, "change_message": "Changed date and description.", "object_id": "175", "user": 5, "object_repr": "Move object", "content_type": 15, "action_time": "2015-06-10T11:02:58Z"}, "model": "admin.logentry", "pk": 198}, {"fields": {"action_flag": 2, "change_message": "Changed date and description.", "object_id": "174", "user": 5, "object_repr": "Move object", "content_type": 15, "action_time": "2015-06-10T11:03:07Z"}, "model": "admin.logentry", "pk": 199}, {"fields": {"action_flag": 2, "change_message": "Changed date and description.", "object_id": "173", "user": 5, "object_repr": "Move object", "content_type": 15, "action_time": "2015-06-10T11:03:14Z"}, "model": "admin.logentry", "pk": 200}, {"fields": {"action_flag": 2, "change_message": "Changed date and description.", "object_id": "172", "user": 5, "object_repr": "Move object", "content_type": 15, "action_time": "2015-06-10T11:03:22Z"}, "model": "admin.logentry", "pk": 201}, {"fields": {"action_flag": 2, "change_message": "Changed date and description.", "object_id": "171", "user": 5, "object_repr": "Move object", "content_type": 15, "action_time": "2015-06-10T11:03:31Z"}, "model": "admin.logentry", "pk": 202}, {"fields": {"action_flag": 2, "change_message": "Changed date and description.", "object_id": "170", "user": 5, "object_repr": "Move object", "content_type": 15, "action_time": "2015-06-10T11:03:37Z"}, "model": "admin.logentry", "pk": 203}, {"fields": {"action_flag": 2, "change_message": "Changed date and description.", "object_id": "169", "user": 5, "object_repr": "Move object", "content_type": 15, "action_time": "2015-06-10T11:03:44Z"}, "model": "admin.logentry", "pk": 204}, {"fields": {"action_flag": 2, "change_message": "Changed date and description.", "object_id": "168", "user": 5, "object_repr": "Move object", "content_type": 15, "action_time": "2015-06-10T11:03:50Z"}, "model": "admin.logentry", "pk": 205}, {"fields": {"action_flag": 2, "change_message": "Changed date and description.", "object_id": "167", "user": 5, "object_repr": "Move object", "content_type": 15, "action_time": "2015-06-10T11:03:57Z"}, "model": "admin.logentry", "pk": 206}, {"fields": {"action_flag": 2, "change_message": "Changed date and description.", "object_id": "166", "user": 5, "object_repr": "Move object", "content_type": 15, "action_time": "2015-06-10T11:04:04Z"}, "model": "admin.logentry", "pk": 207}, {"fields": {"action_flag": 2, "change_message": "Changed date and description.", "object_id": "165", "user": 5, "object_repr": "Move object", "content_type": 15, "action_time": "2015-06-10T11:04:10Z"}, "model": "admin.logentry", "pk": 208}, {"fields": {"action_flag": 2, "change_message": "Changed date and description.", "object_id": "164", "user": 5, "object_repr": "Move object", "content_type": 15, "action_time": "2015-06-10T11:04:17Z"}, "model": "admin.logentry", "pk": 209}, {"fields": {"action_flag": 2, "change_message": "Changed date and description.", "object_id": "163", "user": 5, "object_repr": "Move object", "content_type": 15, "action_time": "2015-06-10T11:04:24Z"}, "model": "admin.logentry", "pk": 210}, {"fields": {"action_flag": 2, "change_message": "Changed date and description.", "object_id": "162", "user": 5, "object_repr": "Move object", "content_type": 15, "action_time": "2015-06-10T11:04:31Z"}, "model": "admin.logentry", "pk": 211}, {"fields": {"action_flag": 2, "change_message": "Changed date and description.", "object_id": "161", "user": 5, "object_repr": "Move object", "content_type": 15, "action_time": "2015-06-10T11:04:38Z"}, "model": "admin.logentry", "pk": 212}, {"fields": {"action_flag": 2, "change_message": "Changed date and description.", "object_id": "160", "user": 5, "object_repr": "Move object", "content_type": 15, "action_time": "2015-06-10T11:04:45Z"}, "model": "admin.logentry", "pk": 213}, {"fields": {"action_flag": 2, "change_message": "Changed date and description.", "object_id": "159", "user": 5, "object_repr": "Move object", "content_type": 15, "action_time": "2015-06-10T11:04:53Z"}, "model": "admin.logentry", "pk": 214}, {"fields": {"action_flag": 2, "change_message": "Changed date and description.", "object_id": "158", "user": 5, "object_repr": "Move object", "content_type": 15, "action_time": "2015-06-10T11:05:00Z"}, "model": "admin.logentry", "pk": 215}, {"fields": {"action_flag": 2, "change_message": "Changed date and description.", "object_id": "157", "user": 5, "object_repr": "Move object", "content_type": 15, "action_time": "2015-06-10T11:05:07Z"}, "model": "admin.logentry", "pk": 216}, {"fields": {"action_flag": 2, "change_message": "Changed date and description.", "object_id": "156", "user": 5, "object_repr": "Move object", "content_type": 15, "action_time": "2015-06-10T11:05:17Z"}, "model": "admin.logentry", "pk": 217}, {"fields": {"action_flag": 2, "change_message": "Changed date and description.", "object_id": "155", "user": 5, "object_repr": "Move object", "content_type": 15, "action_time": "2015-06-10T11:05:25Z"}, "model": "admin.logentry", "pk": 218}, {"fields": {"action_flag": 2, "change_message": "Changed date and description.", "object_id": "154", "user": 5, "object_repr": "Move object", "content_type": 15, "action_time": "2015-06-10T11:05:35Z"}, "model": "admin.logentry", "pk": 219}, {"fields": {"action_flag": 2, "change_message": "Changed date and description.", "object_id": "153", "user": 5, "object_repr": "Move object", "content_type": 15, "action_time": "2015-06-10T11:05:48Z"}, "model": "admin.logentry", "pk": 220}, {"fields": {"action_flag": 2, "change_message": "Changed date and description.", "object_id": "185", "user": 5, "object_repr": "Move object", "content_type": 15, "action_time": "2015-06-10T11:11:32Z"}, "model": "admin.logentry", "pk": 221}, {"fields": {"action_flag": 2, "change_message": "Changed date and description.", "object_id": "184", "user": 5, "object_repr": "Move object", "content_type": 15, "action_time": "2015-06-10T11:11:48Z"}, "model": "admin.logentry", "pk": 222}, {"fields": {"action_flag": 2, "change_message": "Changed date and description.", "object_id": "183", "user": 5, "object_repr": "Move object", "content_type": 15, "action_time": "2015-06-10T11:12:03Z"}, "model": "admin.logentry", "pk": 223}, {"fields": {"action_flag": 2, "change_message": "Changed date and description.", "object_id": "218", "user": 5, "object_repr": "Move object", "content_type": 15, "action_time": "2015-06-10T11:12:34Z"}, "model": "admin.logentry", "pk": 224}, {"fields": {"action_flag": 2, "change_message": "Changed date and description.", "object_id": "217", "user": 5, "object_repr": "Move object", "content_type": 15, "action_time": "2015-06-10T11:12:41Z"}, "model": "admin.logentry", "pk": 225}, {"fields": {"action_flag": 2, "change_message": "Changed date and description.", "object_id": "216", "user": 5, "object_repr": "Move object", "content_type": 15, "action_time": "2015-06-10T11:12:48Z"}, "model": "admin.logentry", "pk": 226}, {"fields": {"action_flag": 2, "change_message": "Changed date and description.", "object_id": "215", "user": 5, "object_repr": "Move object", "content_type": 15, "action_time": "2015-06-10T11:12:55Z"}, "model": "admin.logentry", "pk": 227}, {"fields": {"action_flag": 2, "change_message": "Changed date and description.", "object_id": "214", "user": 5, "object_repr": "Move object", "content_type": 15, "action_time": "2015-06-10T11:13:01Z"}, "model": "admin.logentry", "pk": 228}, {"fields": {"action_flag": 2, "change_message": "Changed date and description.", "object_id": "213", "user": 5, "object_repr": "Move object", "content_type": 15, "action_time": "2015-06-10T11:13:14Z"}, "model": "admin.logentry", "pk": 229}, {"fields": {"action_flag": 2, "change_message": "Changed date and description.", "object_id": "212", "user": 5, "object_repr": "Move object", "content_type": 15, "action_time": "2015-06-10T11:13:21Z"}, "model": "admin.logentry", "pk": 230}, {"fields": {"action_flag": 2, "change_message": "Changed date and description.", "object_id": "211", "user": 5, "object_repr": "Move object", "content_type": 15, "action_time": "2015-06-10T11:13:28Z"}, "model": "admin.logentry", "pk": 231}, {"fields": {"action_flag": 2, "change_message": "Changed date and description.", "object_id": "210", "user": 5, "object_repr": "Move object", "content_type": 15, "action_time": "2015-06-10T11:13:37Z"}, "model": "admin.logentry", "pk": 232}, {"fields": {"action_flag": 2, "change_message": "Changed date and description.", "object_id": "209", "user": 5, "object_repr": "Move object", "content_type": 15, "action_time": "2015-06-10T11:13:43Z"}, "model": "admin.logentry", "pk": 233}, {"fields": {"action_flag": 2, "change_message": "Changed date and description.", "object_id": "208", "user": 5, "object_repr": "Move object", "content_type": 15, "action_time": "2015-06-10T11:13:56Z"}, "model": "admin.logentry", "pk": 234}, {"fields": {"action_flag": 2, "change_message": "Changed date and description.", "object_id": "207", "user": 5, "object_repr": "Move object", "content_type": 15, "action_time": "2015-06-10T11:14:02Z"}, "model": "admin.logentry", "pk": 235}, {"fields": {"action_flag": 2, "change_message": "Changed date and description.", "object_id": "206", "user": 5, "object_repr": "Move object", "content_type": 15, "action_time": "2015-06-10T11:14:08Z"}, "model": "admin.logentry", "pk": 236}, {"fields": {"action_flag": 2, "change_message": "Changed date and description.", "object_id": "205", "user": 5, "object_repr": "Move object", "content_type": 15, "action_time": "2015-06-10T11:14:14Z"}, "model": "admin.logentry", "pk": 237}, {"fields": {"action_flag": 2, "change_message": "Changed date and description.", "object_id": "204", "user": 5, "object_repr": "Move object", "content_type": 15, "action_time": "2015-06-10T11:14:20Z"}, "model": "admin.logentry", "pk": 238}, {"fields": {"action_flag": 2, "change_message": "Changed date and description.", "object_id": "203", "user": 5, "object_repr": "Move object", "content_type": 15, "action_time": "2015-06-10T11:14:26Z"}, "model": "admin.logentry", "pk": 239}, {"fields": {"action_flag": 2, "change_message": "Changed date and description.", "object_id": "202", "user": 5, "object_repr": "Move object", "content_type": 15, "action_time": "2015-06-10T11:14:35Z"}, "model": "admin.logentry", "pk": 240}, {"fields": {"action_flag": 2, "change_message": "Changed date and description.", "object_id": "201", "user": 5, "object_repr": "Move object", "content_type": 15, "action_time": "2015-06-10T11:14:54Z"}, "model": "admin.logentry", "pk": 241}, {"fields": {"action_flag": 2, "change_message": "Changed date and description.", "object_id": "200", "user": 5, "object_repr": "Move object", "content_type": 15, "action_time": "2015-06-10T11:15:02Z"}, "model": "admin.logentry", "pk": 242}, {"fields": {"action_flag": 2, "change_message": "Changed date and description.", "object_id": "199", "user": 5, "object_repr": "Move object", "content_type": 15, "action_time": "2015-06-10T11:15:15Z"}, "model": "admin.logentry", "pk": 243}, {"fields": {"action_flag": 2, "change_message": "Changed date and description.", "object_id": "198", "user": 5, "object_repr": "Move object", "content_type": 15, "action_time": "2015-06-10T11:15:22Z"}, "model": "admin.logentry", "pk": 244}, {"fields": {"action_flag": 2, "change_message": "Changed date and description.", "object_id": "197", "user": 5, "object_repr": "Move object", "content_type": 15, "action_time": "2015-06-10T11:15:28Z"}, "model": "admin.logentry", "pk": 245}, {"fields": {"action_flag": 2, "change_message": "Changed date and description.", "object_id": "196", "user": 5, "object_repr": "Move object", "content_type": 15, "action_time": "2015-06-10T11:15:36Z"}, "model": "admin.logentry", "pk": 246}, {"fields": {"action_flag": 2, "change_message": "Changed date and description.", "object_id": "195", "user": 5, "object_repr": "Move object", "content_type": 15, "action_time": "2015-06-10T11:15:42Z"}, "model": "admin.logentry", "pk": 247}, {"fields": {"action_flag": 2, "change_message": "Changed date and description.", "object_id": "194", "user": 5, "object_repr": "Move object", "content_type": 15, "action_time": "2015-06-10T11:15:48Z"}, "model": "admin.logentry", "pk": 248}, {"fields": {"action_flag": 2, "change_message": "Changed date and description.", "object_id": "193", "user": 5, "object_repr": "Move object", "content_type": 15, "action_time": "2015-06-10T11:15:55Z"}, "model": "admin.logentry", "pk": 249}, {"fields": {"action_flag": 2, "change_message": "Changed date and description.", "object_id": "192", "user": 5, "object_repr": "Move object", "content_type": 15, "action_time": "2015-06-10T11:16:01Z"}, "model": "admin.logentry", "pk": 250}, {"fields": {"action_flag": 2, "change_message": "Changed date and description.", "object_id": "191", "user": 5, "object_repr": "Move object", "content_type": 15, "action_time": "2015-06-10T11:16:09Z"}, "model": "admin.logentry", "pk": 251}, {"fields": {"action_flag": 2, "change_message": "Changed date and description.", "object_id": "190", "user": 5, "object_repr": "Move object", "content_type": 15, "action_time": "2015-06-10T11:16:15Z"}, "model": "admin.logentry", "pk": 252}, {"fields": {"action_flag": 2, "change_message": "Changed date and description.", "object_id": "189", "user": 5, "object_repr": "Move object", "content_type": 15, "action_time": "2015-06-10T11:16:22Z"}, "model": "admin.logentry", "pk": 253}, {"fields": {"action_flag": 2, "change_message": "Changed date and description.", "object_id": "188", "user": 5, "object_repr": "Move object", "content_type": 15, "action_time": "2015-06-10T11:16:28Z"}, "model": "admin.logentry", "pk": 254}, {"fields": {"action_flag": 2, "change_message": "Changed date and description.", "object_id": "187", "user": 5, "object_repr": "Move object", "content_type": 15, "action_time": "2015-06-10T11:16:34Z"}, "model": "admin.logentry", "pk": 255}, {"fields": {"action_flag": 2, "change_message": "Changed date and description.", "object_id": "186", "user": 5, "object_repr": "Move object", "content_type": 15, "action_time": "2015-06-10T11:16:40Z"}, "model": "admin.logentry", "pk": 256}, {"fields": {"action_flag": 2, "change_message": "Changed date and description.", "object_id": "278", "user": 5, "object_repr": "Move object", "content_type": 15, "action_time": "2015-06-10T11:22:55Z"}, "model": "admin.logentry", "pk": 257}, {"fields": {"action_flag": 2, "change_message": "Changed date and description.", "object_id": "277", "user": 5, "object_repr": "Move object", "content_type": 15, "action_time": "2015-06-10T11:23:01Z"}, "model": "admin.logentry", "pk": 258}, {"fields": {"action_flag": 2, "change_message": "Changed date and description.", "object_id": "276", "user": 5, "object_repr": "Move object", "content_type": 15, "action_time": "2015-06-10T11:23:08Z"}, "model": "admin.logentry", "pk": 259}, {"fields": {"action_flag": 2, "change_message": "Changed date and description.", "object_id": "275", "user": 5, "object_repr": "Move object", "content_type": 15, "action_time": "2015-06-10T11:23:14Z"}, "model": "admin.logentry", "pk": 260}, {"fields": {"action_flag": 2, "change_message": "Changed date and description.", "object_id": "274", "user": 5, "object_repr": "Move object", "content_type": 15, "action_time": "2015-06-10T11:23:20Z"}, "model": "admin.logentry", "pk": 261}, {"fields": {"action_flag": 2, "change_message": "Changed date and description.", "object_id": "273", "user": 5, "object_repr": "Move object", "content_type": 15, "action_time": "2015-06-10T11:23:25Z"}, "model": "admin.logentry", "pk": 262}, {"fields": {"action_flag": 2, "change_message": "Changed date and description.", "object_id": "272", "user": 5, "object_repr": "Move object", "content_type": 15, "action_time": "2015-06-10T11:23:33Z"}, "model": "admin.logentry", "pk": 263}, {"fields": {"action_flag": 2, "change_message": "Changed date and description.", "object_id": "271", "user": 5, "object_repr": "Move object", "content_type": 15, "action_time": "2015-06-10T11:23:44Z"}, "model": "admin.logentry", "pk": 264}, {"fields": {"action_flag": 2, "change_message": "Changed date and description.", "object_id": "270", "user": 5, "object_repr": "Move object", "content_type": 15, "action_time": "2015-06-10T11:24:07Z"}, "model": "admin.logentry", "pk": 265}, {"fields": {"action_flag": 2, "change_message": "Changed date and description.", "object_id": "269", "user": 5, "object_repr": "Move object", "content_type": 15, "action_time": "2015-06-10T11:24:16Z"}, "model": "admin.logentry", "pk": 266}, {"fields": {"action_flag": 2, "change_message": "Changed date and description.", "object_id": "268", "user": 5, "object_repr": "Move object", "content_type": 15, "action_time": "2015-06-10T11:24:22Z"}, "model": "admin.logentry", "pk": 267}, {"fields": {"action_flag": 2, "change_message": "Changed date and description.", "object_id": "267", "user": 5, "object_repr": "Move object", "content_type": 15, "action_time": "2015-06-10T11:24:28Z"}, "model": "admin.logentry", "pk": 268}, {"fields": {"action_flag": 2, "change_message": "Changed date and description.", "object_id": "266", "user": 5, "object_repr": "Move object", "content_type": 15, "action_time": "2015-06-10T11:25:09Z"}, "model": "admin.logentry", "pk": 269}, {"fields": {"action_flag": 2, "change_message": "Changed date and description.", "object_id": "265", "user": 5, "object_repr": "Move object", "content_type": 15, "action_time": "2015-06-10T11:25:24Z"}, "model": "admin.logentry", "pk": 270}, {"fields": {"action_flag": 2, "change_message": "Changed date and description.", "object_id": "264", "user": 5, "object_repr": "Move object", "content_type": 15, "action_time": "2015-06-10T11:25:31Z"}, "model": "admin.logentry", "pk": 271}, {"fields": {"action_flag": 2, "change_message": "Changed date and description.", "object_id": "263", "user": 5, "object_repr": "Move object", "content_type": 15, "action_time": "2015-06-10T11:25:39Z"}, "model": "admin.logentry", "pk": 272}, {"fields": {"action_flag": 2, "change_message": "Changed date and description.", "object_id": "262", "user": 5, "object_repr": "Move object", "content_type": 15, "action_time": "2015-06-10T11:25:44Z"}, "model": "admin.logentry", "pk": 273}, {"fields": {"action_flag": 2, "change_message": "Changed date and description.", "object_id": "261", "user": 5, "object_repr": "Move object", "content_type": 15, "action_time": "2015-06-10T11:25:51Z"}, "model": "admin.logentry", "pk": 274}, {"fields": {"action_flag": 2, "change_message": "Changed date and description.", "object_id": "260", "user": 5, "object_repr": "Move object", "content_type": 15, "action_time": "2015-06-10T11:25:57Z"}, "model": "admin.logentry", "pk": 275}, {"fields": {"action_flag": 2, "change_message": "Changed date and description.", "object_id": "259", "user": 5, "object_repr": "Move object", "content_type": 15, "action_time": "2015-06-10T11:26:04Z"}, "model": "admin.logentry", "pk": 276}, {"fields": {"action_flag": 2, "change_message": "Changed date and description.", "object_id": "258", "user": 5, "object_repr": "Move object", "content_type": 15, "action_time": "2015-06-10T11:26:12Z"}, "model": "admin.logentry", "pk": 277}, {"fields": {"action_flag": 2, "change_message": "Changed date and description.", "object_id": "257", "user": 5, "object_repr": "Move object", "content_type": 15, "action_time": "2015-06-10T11:26:18Z"}, "model": "admin.logentry", "pk": 278}, {"fields": {"action_flag": 2, "change_message": "Changed date and description.", "object_id": "256", "user": 5, "object_repr": "Move object", "content_type": 15, "action_time": "2015-06-10T11:26:24Z"}, "model": "admin.logentry", "pk": 279}, {"fields": {"action_flag": 2, "change_message": "Changed date and description.", "object_id": "255", "user": 5, "object_repr": "Move object", "content_type": 15, "action_time": "2015-06-10T11:26:29Z"}, "model": "admin.logentry", "pk": 280}, {"fields": {"action_flag": 2, "change_message": "Changed date and description.", "object_id": "254", "user": 5, "object_repr": "Move object", "content_type": 15, "action_time": "2015-06-10T11:26:35Z"}, "model": "admin.logentry", "pk": 281}, {"fields": {"action_flag": 2, "change_message": "Changed date and description.", "object_id": "253", "user": 5, "object_repr": "Move object", "content_type": 15, "action_time": "2015-06-10T11:26:42Z"}, "model": "admin.logentry", "pk": 282}, {"fields": {"action_flag": 2, "change_message": "Changed date and description.", "object_id": "252", "user": 5, "object_repr": "Move object", "content_type": 15, "action_time": "2015-06-10T11:26:48Z"}, "model": "admin.logentry", "pk": 283}, {"fields": {"action_flag": 2, "change_message": "Changed date and description.", "object_id": "251", "user": 5, "object_repr": "Move object", "content_type": 15, "action_time": "2015-06-10T11:26:54Z"}, "model": "admin.logentry", "pk": 284}, {"fields": {"action_flag": 2, "change_message": "Changed date and description.", "object_id": "250", "user": 5, "object_repr": "Move object", "content_type": 15, "action_time": "2015-06-10T11:27:00Z"}, "model": "admin.logentry", "pk": 285}, {"fields": {"action_flag": 2, "change_message": "Changed date and description.", "object_id": "249", "user": 5, "object_repr": "Move object", "content_type": 15, "action_time": "2015-06-10T11:27:06Z"}, "model": "admin.logentry", "pk": 286}, {"fields": {"action_flag": 2, "change_message": "Changed date and description.", "object_id": "234", "user": 5, "object_repr": "Move object", "content_type": 15, "action_time": "2015-06-10T11:28:09Z"}, "model": "admin.logentry", "pk": 287}, {"fields": {"action_flag": 2, "change_message": "Changed date and description.", "object_id": "233", "user": 5, "object_repr": "Move object", "content_type": 15, "action_time": "2015-06-10T11:28:17Z"}, "model": "admin.logentry", "pk": 288}, {"fields": {"action_flag": 2, "change_message": "Changed date and description.", "object_id": "232", "user": 5, "object_repr": "Move object", "content_type": 15, "action_time": "2015-06-10T11:28:24Z"}, "model": "admin.logentry", "pk": 289}, {"fields": {"action_flag": 2, "change_message": "Changed date and description.", "object_id": "231", "user": 5, "object_repr": "Move object", "content_type": 15, "action_time": "2015-06-10T11:28:34Z"}, "model": "admin.logentry", "pk": 290}, {"fields": {"action_flag": 2, "change_message": "Changed date and description.", "object_id": "230", "user": 5, "object_repr": "Move object", "content_type": 15, "action_time": "2015-06-10T11:28:54Z"}, "model": "admin.logentry", "pk": 291}, {"fields": {"action_flag": 2, "change_message": "Changed date and description.", "object_id": "229", "user": 5, "object_repr": "Move object", "content_type": 15, "action_time": "2015-06-10T11:29:01Z"}, "model": "admin.logentry", "pk": 292}, {"fields": {"action_flag": 2, "change_message": "Changed date and description.", "object_id": "228", "user": 5, "object_repr": "Move object", "content_type": 15, "action_time": "2015-06-10T11:29:08Z"}, "model": "admin.logentry", "pk": 293}, {"fields": {"action_flag": 2, "change_message": "Changed date and description.", "object_id": "227", "user": 5, "object_repr": "Move object", "content_type": 15, "action_time": "2015-06-10T11:29:15Z"}, "model": "admin.logentry", "pk": 294}, {"fields": {"action_flag": 2, "change_message": "Changed date and description.", "object_id": "226", "user": 5, "object_repr": "Move object", "content_type": 15, "action_time": "2015-06-10T11:29:21Z"}, "model": "admin.logentry", "pk": 295}, {"fields": {"action_flag": 2, "change_message": "Changed date and description.", "object_id": "225", "user": 5, "object_repr": "Move object", "content_type": 15, "action_time": "2015-06-10T11:29:27Z"}, "model": "admin.logentry", "pk": 296}, {"fields": {"action_flag": 2, "change_message": "Changed date and description.", "object_id": "248", "user": 5, "object_repr": "Move object", "content_type": 15, "action_time": "2015-06-10T11:29:32Z"}, "model": "admin.logentry", "pk": 297}, {"fields": {"action_flag": 2, "change_message": "Changed date and description.", "object_id": "247", "user": 5, "object_repr": "Move object", "content_type": 15, "action_time": "2015-06-10T11:29:38Z"}, "model": "admin.logentry", "pk": 298}, {"fields": {"action_flag": 2, "change_message": "Changed date and description.", "object_id": "246", "user": 5, "object_repr": "Move object", "content_type": 15, "action_time": "2015-06-10T11:29:44Z"}, "model": "admin.logentry", "pk": 299}, {"fields": {"action_flag": 2, "change_message": "Changed date and description.", "object_id": "245", "user": 5, "object_repr": "Move object", "content_type": 15, "action_time": "2015-06-10T11:29:49Z"}, "model": "admin.logentry", "pk": 300}, {"fields": {"action_flag": 2, "change_message": "Changed date and description.", "object_id": "244", "user": 5, "object_repr": "Move object", "content_type": 15, "action_time": "2015-06-10T11:29:54Z"}, "model": "admin.logentry", "pk": 301}, {"fields": {"action_flag": 2, "change_message": "Changed date and description.", "object_id": "243", "user": 5, "object_repr": "Move object", "content_type": 15, "action_time": "2015-06-10T11:30:00Z"}, "model": "admin.logentry", "pk": 302}, {"fields": {"action_flag": 2, "change_message": "Changed date and description.", "object_id": "242", "user": 5, "object_repr": "Move object", "content_type": 15, "action_time": "2015-06-10T11:30:05Z"}, "model": "admin.logentry", "pk": 303}, {"fields": {"action_flag": 2, "change_message": "Changed date and description.", "object_id": "241", "user": 5, "object_repr": "Move object", "content_type": 15, "action_time": "2015-06-10T11:30:24Z"}, "model": "admin.logentry", "pk": 304}, {"fields": {"action_flag": 2, "change_message": "Changed date and description.", "object_id": "240", "user": 5, "object_repr": "Move object", "content_type": 15, "action_time": "2015-06-10T11:30:31Z"}, "model": "admin.logentry", "pk": 305}, {"fields": {"action_flag": 2, "change_message": "Changed date and description.", "object_id": "239", "user": 5, "object_repr": "Move object", "content_type": 15, "action_time": "2015-06-10T11:30:37Z"}, "model": "admin.logentry", "pk": 306}, {"fields": {"action_flag": 2, "change_message": "Changed date and description.", "object_id": "238", "user": 5, "object_repr": "Move object", "content_type": 15, "action_time": "2015-06-10T11:30:43Z"}, "model": "admin.logentry", "pk": 307}, {"fields": {"action_flag": 2, "change_message": "Changed date and description.", "object_id": "237", "user": 5, "object_repr": "Move object", "content_type": 15, "action_time": "2015-06-10T11:30:57Z"}, "model": "admin.logentry", "pk": 308}, {"fields": {"action_flag": 2, "change_message": "Changed date and description.", "object_id": "236", "user": 5, "object_repr": "Move object", "content_type": 15, "action_time": "2015-06-10T11:31:03Z"}, "model": "admin.logentry", "pk": 309}, {"fields": {"action_flag": 2, "change_message": "Changed date and description.", "object_id": "235", "user": 5, "object_repr": "Move object", "content_type": 15, "action_time": "2015-06-10T11:31:13Z"}, "model": "admin.logentry", "pk": 310}, {"fields": {"action_flag": 2, "change_message": "Changed date and description.", "object_id": "224", "user": 5, "object_repr": "Move object", "content_type": 15, "action_time": "2015-06-10T11:32:04Z"}, "model": "admin.logentry", "pk": 311}, {"fields": {"action_flag": 2, "change_message": "Changed date.", "object_id": "224", "user": 5, "object_repr": "Move object", "content_type": 15, "action_time": "2015-06-10T11:32:07Z"}, "model": "admin.logentry", "pk": 312}, {"fields": {"action_flag": 2, "change_message": "Changed date and description.", "object_id": "223", "user": 5, "object_repr": "Move object", "content_type": 15, "action_time": "2015-06-10T11:32:16Z"}, "model": "admin.logentry", "pk": 313}, {"fields": {"action_flag": 2, "change_message": "Changed date and description.", "object_id": "222", "user": 5, "object_repr": "Move object", "content_type": 15, "action_time": "2015-06-10T11:32:22Z"}, "model": "admin.logentry", "pk": 314}, {"fields": {"action_flag": 2, "change_message": "Changed date and description.", "object_id": "221", "user": 5, "object_repr": "Move object", "content_type": 15, "action_time": "2015-06-10T11:32:28Z"}, "model": "admin.logentry", "pk": 315}, {"fields": {"action_flag": 2, "change_message": "Changed date and description.", "object_id": "220", "user": 5, "object_repr": "Move object", "content_type": 15, "action_time": "2015-06-10T11:32:37Z"}, "model": "admin.logentry", "pk": 316}, {"fields": {"action_flag": 2, "change_message": "Changed date and description.", "object_id": "219", "user": 5, "object_repr": "Move object", "content_type": 15, "action_time": "2015-06-10T11:32:43Z"}, "model": "admin.logentry", "pk": 317}, {"fields": {"action_flag": 3, "change_message": "", "object_id": "279", "user": 5, "object_repr": "Move object", "content_type": 15, "action_time": "2015-06-10T11:34:22Z"}, "model": "admin.logentry", "pk": 318}, {"fields": {"action_flag": 3, "change_message": "", "object_id": "280", "user": 5, "object_repr": "Move object", "content_type": 15, "action_time": "2015-06-10T11:35:35Z"}, "model": "admin.logentry", "pk": 319}, {"fields": {"action_flag": 3, "change_message": "", "object_id": "281", "user": 5, "object_repr": "Move object", "content_type": 15, "action_time": "2015-06-10T11:49:49Z"}, "model": "admin.logentry", "pk": 320}, {"fields": {"action_flag": 3, "change_message": "", "object_id": "282", "user": 5, "object_repr": "Move object", "content_type": 15, "action_time": "2015-06-10T11:50:14Z"}, "model": "admin.logentry", "pk": 321}, {"fields": {"action_flag": 3, "change_message": "", "object_id": "283", "user": 5, "object_repr": "Move object", "content_type": 15, "action_time": "2015-06-10T11:58:13Z"}, "model": "admin.logentry", "pk": 322}, {"fields": {"action_flag": 3, "change_message": "", "object_id": "30", "user": 5, "object_repr": "Card object", "content_type": 14, "action_time": "2015-06-10T11:58:39Z"}, "model": "admin.logentry", "pk": 323}, {"fields": {"action_flag": 2, "change_message": "Changed completion_date, development_start_date, done_date and user.", "object_id": "29", "user": 5, "object_repr": "Card object", "content_type": 14, "action_time": "2015-06-10T12:21:26Z"}, "model": "admin.logentry", "pk": 324}, {"fields": {"action_flag": 2, "change_message": "Changed completion_date, development_start_date, done_date and user.", "object_id": "6", "user": 5, "object_repr": "Card object", "content_type": 14, "action_time": "2015-06-10T12:24:12Z"}, "model": "admin.logentry", "pk": 325}, {"fields": {"action_flag": 2, "change_message": "Changed creation_date, completion_date, development_start_date and done_date.", "object_id": "7", "user": 5, "object_repr": "Card object", "content_type": 14, "action_time": "2015-06-10T12:25:16Z"}, "model": "admin.logentry", "pk": 326}, {"fields": {"action_flag": 2, "change_message": "Changed creation_date, development_start_date and done_date.", "object_id": "8", "user": 5, "object_repr": "Card object", "content_type": 14, "action_time": "2015-06-10T12:26:33Z"}, "model": "admin.logentry", "pk": 327}, {"fields": {"action_flag": 2, "change_message": "Changed creation_date, development_start_date and done_date.", "object_id": "9", "user": 5, "object_repr": "Card object", "content_type": 14, "action_time": "2015-06-10T12:27:02Z"}, "model": "admin.logentry", "pk": 328}, {"fields": {"action_flag": 2, "change_message": "Changed creation_date, development_start_date and done_date.", "object_id": "10", "user": 5, "object_repr": "Card object", "content_type": 14, "action_time": "2015-06-10T12:27:28Z"}, "model": "admin.logentry", "pk": 329}, {"fields": {"action_flag": 2, "change_message": "Changed creation_date, development_start_date and done_date.", "object_id": "11", "user": 5, "object_repr": "Card object", "content_type": 14, "action_time": "2015-06-10T12:28:20Z"}, "model": "admin.logentry", "pk": 330}, {"fields": {"action_flag": 2, "change_message": "Changed development_start_date, done_date and user.", "object_id": "12", "user": 5, "object_repr": "Card object", "content_type": 14, "action_time": "2015-06-10T12:29:01Z"}, "model": "admin.logentry", "pk": 331}, {"fields": {"action_flag": 2, "change_message": "Changed creation_date, development_start_date and done_date.", "object_id": "13", "user": 5, "object_repr": "Card object", "content_type": 14, "action_time": "2015-06-10T12:29:46Z"}, "model": "admin.logentry", "pk": 332}, {"fields": {"action_flag": 2, "change_message": "Changed creation_date, development_start_date and done_date.", "object_id": "14", "user": 5, "object_repr": "Card object", "content_type": 14, "action_time": "2015-06-10T12:30:25Z"}, "model": "admin.logentry", "pk": 333}, {"fields": {"action_flag": 2, "change_message": "Changed creation_date and done_date.", "object_id": "15", "user": 5, "object_repr": "Card object", "content_type": 14, "action_time": "2015-06-10T12:30:56Z"}, "model": "admin.logentry", "pk": 334}, {"fields": {"action_flag": 2, "change_message": "Changed creation_date and done_date.", "object_id": "16", "user": 5, "object_repr": "Card object", "content_type": 14, "action_time": "2015-06-10T12:31:33Z"}, "model": "admin.logentry", "pk": 335}, {"fields": {"action_flag": 2, "change_message": "Changed creation_date and development_start_date.", "object_id": "17", "user": 5, "object_repr": "Card object", "content_type": 14, "action_time": "2015-06-10T12:32:13Z"}, "model": "admin.logentry", "pk": 336}, {"fields": {"action_flag": 2, "change_message": "Changed creation_date and development_start_date.", "object_id": "18", "user": 5, "object_repr": "Card object", "content_type": 14, "action_time": "2015-06-10T12:32:51Z"}, "model": "admin.logentry", "pk": 337}, {"fields": {"action_flag": 2, "change_message": "Changed creation_date, development_start_date and done_date.", "object_id": "19", "user": 5, "object_repr": "Card object", "content_type": 14, "action_time": "2015-06-10T12:33:33Z"}, "model": "admin.logentry", "pk": 338}, {"fields": {"action_flag": 2, "change_message": "Changed creation_date, development_start_date and done_date.", "object_id": "20", "user": 5, "object_repr": "Card object", "content_type": 14, "action_time": "2015-06-10T12:34:02Z"}, "model": "admin.logentry", "pk": 339}, {"fields": {"action_flag": 2, "change_message": "Changed creation_date, development_start_date and done_date.", "object_id": "21", "user": 5, "object_repr": "Card object", "content_type": 14, "action_time": "2015-06-10T12:34:21Z"}, "model": "admin.logentry", "pk": 340}, {"fields": {"action_flag": 2, "change_message": "Changed creation_date, development_start_date and done_date.", "object_id": "22", "user": 5, "object_repr": "Card object", "content_type": 14, "action_time": "2015-06-10T12:34:43Z"}, "model": "admin.logentry", "pk": 341}, {"fields": {"action_flag": 2, "change_message": "Changed creation_date, development_start_date and done_date.", "object_id": "23", "user": 5, "object_repr": "Card object", "content_type": 14, "action_time": "2015-06-10T12:35:12Z"}, "model": "admin.logentry", "pk": 342}, {"fields": {"action_flag": 2, "change_message": "Changed creation_date, development_start_date and done_date.", "object_id": "24", "user": 5, "object_repr": "Card object", "content_type": 14, "action_time": "2015-06-10T12:36:04Z"}, "model": "admin.logentry", "pk": 343}, {"fields": {"action_flag": 2, "change_message": "Changed creation_date and done_date.", "object_id": "25", "user": 5, "object_repr": "Card object", "content_type": 14, "action_time": "2015-06-10T12:36:36Z"}, "model": "admin.logentry", "pk": 344}, {"fields": {"action_flag": 2, "change_message": "Changed creation_date and done_date.", "object_id": "26", "user": 5, "object_repr": "Card object", "content_type": 14, "action_time": "2015-06-10T12:36:57Z"}, "model": "admin.logentry", "pk": 345}, {"fields": {"action_flag": 2, "change_message": "Changed creation_date and development_start_date.", "object_id": "27", "user": 5, "object_repr": "Card object", "content_type": 14, "action_time": "2015-06-10T12:37:26Z"}, "model": "admin.logentry", "pk": 346}]